,0,1,2,3,4,5,6,7,8,9,10,11,12,13,14,15,16,17,18,19,20,21,22,23,24,25,26,27,28,29,30,31,32,33,34,35,36,37,38,39,40,41,42,43,44,45,46,47,48,49,50,51,52,53,54,55,56,57,58,59,60,61,62,63,64,65,66,67,68,69,70,71,72,73,74,75,76,77,78,79,80,81,82,83,84,85,86,87,88,89,90,91,92,93,94,95,96,97,98,99,100,101,102,103,104,105,106,107,108,109,110,111,112,113,114,115,116,117,118,119,120,121,122,123,124,125,126,127,128,129,130,131,132,133,134,135,136,137,138,139,140,141,142,143,144,145,146,147,148,149,150,151,152,153,154,155,156,157,158
0,0,A.K.Tolstoy,Akhsharumov,Aksakov,Alekseyev,Amfiteatrov,Annenskaya,Apraksin,Apukhtin,Askochenskiy,Avdeyev,Avenarius,Begichev,Bestuzhev,Bestuzhev_marlinskiy,Blok,Boborykin,Bryusov,Bulgarin,Butkov,Chekhov,Chernyshevskiy,Dal,Danilevskiy,Dmitriyev,Dostoevsky,Driyanskiy,Druzhinin,Durova,Ertel,Filippov,Furman,Gan,Garin_mikhaylovskiy,Garshin,Gertsen,Geyntse,Gippius,Glinkav,Gogol,Goncharov,Gorkiy,Gorky,Grebenka,Grech,Grigorovich,Herzen,Iogel,Kalashnikov,Karnovich,Khomyakov,Khvoshchinskaya,Kogan,Kokhanovskaya,Kokorev,Kolbasin,Konshin,Kornilovich,Korolenko,Krasnitskiy,Krasnova,Krestovskaya,Kryukov,Kryzhanovskaya,Kugushev,Kulchitskiy,Kuprin,Kushchevskiy,Lazhechnikov,Lebedev,Leontyev,Leontyev_shcheglov,Lermontov,Leskov,Levitov,Leykin,Linev,Lukhmanova,Machtet,Maklakova_nelidova,Maksimov,Mamin_sibiryak,Markevich,Masalskiy,Melnikov,Menshikov,Merder,Mikhaylov,Mordovtsev,Moskvin,Narezhnyy,Naumov,Nekrasov,Nekrasov_i_dr,Nemirovich_danchenko,Nikitin,Odoyevskiy,Omulevskiy,Panayev,Panayeva,Pavlov,Pisemskiy,Pleshcheyev,Pogodin,Pogorelskiy,Polevoy,Polevoypn,Pomyalovskiy,Potapenko,Poznyakov,Pushkin,Remezov,Reshetnikov,Rostopchina,Salias,Salov,Saltykov_shchedrin,Senkovskiy,Shalikova,Shapir,Sheller_mikhaylov,Shklyarevskiy,Sholokhov,Slavutinskiy,Sleptsov,Sokolovskiy,Sollogub,Solovyevvs,Somov,Stanyukovich,Starostin,Sukhonin,Tan_bogoraz,Teleshov,Terpigorev,Timofeyev,Tolstoy,Tur,Turgenev,Uspenskiyg,Veltman,Veltmane,Veresayev,Vereshchagin,Veselitskaya,Volkonskiy,Vonlyarlyarskiy,Yakubovich,Yasinskiy,Yelpatyevskiy,Yermolova,Yurkovskiy,Zagoskin,Zasodimskiy,Zhadovskaya,Zhelikhovskaya,Zhukova,Zlatovratskiy,Zotov
1,A.K.Tolstoy,0,4182.455154,4617.107334,4706.732205,4171.757132,5640.222053,4254.890118,4310.196082,4128.027791,4238.314841,4301.435129,4131.114741,4180.048744,5375.527265,4514.635923,7896.892659,8149.270771,7566.594864,4147.352261,8100.735829,,,,,,,,,,,,,,,,,,,,,,,,,,,,,,,,,,,,,,,,,,,,,,,,,,,,,,,,,,,,,,,,,,,,,,,,,,,,,,,,,,,,,,,,,,,,,,,,,,,,,,,,,,,,,,,,,,,,,,,,,,,,,,,,,,,,,,,,,,
2,Akhsharumov,4182.455154,0,4465.638257,4591.80055,2925.533386,5433.938932,3120.852644,3659.872369,2913.322087,3218.604779,3524.001726,2897.290269,2964.976868,5240.196944,4365.364201,7734.971924,7946.509429,7543.206731,2889.958026,7926.674171,,,,,,,,,,,,,,,,,,,,,,,,,,,,,,,,,,,,,,,,,,,,,,,,,,,,,,,,,,,,,,,,,,,,,,,,,,,,,,,,,,,,,,,,,,,,,,,,,,,,,,,,,,,,,,,,,,,,,,,,,,,,,,,,,,,,,,,,,,
3,Aksakov,4617.107334,4465.638257,0,4799.606661,4492.962156,5604.651246,4543.498727,4554.846627,4440.651742,4490.898649,4554.630021,4435.794292,4483.888638,5424.847702,4666.612951,7866.019508,8122.169116,7629.02893,4458.307267,8053.472493,,,,,,,,,,,,,,,,,,,,,,,,,,,,,,,,,,,,,,,,,,,,,,,,,,,,,,,,,,,,,,,,,,,,,,,,,,,,,,,,,,,,,,,,,,,,,,,,,,,,,,,,,,,,,,,,,,,,,,,,,,,,,,,,,,,,,,,,,,
4,Alekseyev,4706.732205,4591.80055,4799.606661,0,4606.322187,5663.521398,4667.165462,4707.964308,4555.146611,4630.07084,4690.046641,4558.375635,4593.272573,5421.910505,4759.984682,7902.953315,8130.528537,7597.9136,4588.433816,8101.151213,,,,,,,,,,,,,,,,,,,,,,,,,,,,,,,,,,,,,,,,,,,,,,,,,,,,,,,,,,,,,,,,,,,,,,,,,,,,,,,,,,,,,,,,,,,,,,,,,,,,,,,,,,,,,,,,,,,,,,,,,,,,,,,,,,,,,,,,,,
5,Amfiteatrov,4171.757132,2925.533386,4492.962156,4606.322187,0,5467.362638,3139.17805,3687.056707,2854.460516,3228.8748,3543.707172,2630.122963,2926.021168,5240.411831,4326.921992,7785.691336,7976.492816,7567.726244,2552.903467,7984.283929,,,,,,,,,,,,,,,,,,,,,,,,,,,,,,,,,,,,,,,,,,,,,,,,,,,,,,,,,,,,,,,,,,,,,,,,,,,,,,,,,,,,,,,,,,,,,,,,,,,,,,,,,,,,,,,,,,,,,,,,,,,,,,,,,,,,,,,,,,
6,Annenskaya,5640.222053,5433.938932,5604.651246,5663.521398,5467.362638,0,5538.473894,5502.429575,5416.512261,5440.314139,5518.586399,5464.937779,5495.221269,5760.911913,5689.649144,7978.131036,8247.113717,7840.125593,5484.289368,8189.873357,,,,,,,,,,,,,,,,,,,,,,,,,,,,,,,,,,,,,,,,,,,,,,,,,,,,,,,,,,,,,,,,,,,,,,,,,,,,,,,,,,,,,,,,,,,,,,,,,,,,,,,,,,,,,,,,,,,,,,,,,,,,,,,,,,,,,,,,,,
7,Apraksin,4254.890118,3120.852644,4543.498727,4667.165462,3139.17805,5538.473894,0,3725.110499,3112.003671,3304.644665,3605.275782,3097.918484,3158.985573,5315.491801,4479.731506,7834.963305,8028.34603,7580.016888,3100.917014,8056.637885,,,,,,,,,,,,,,,,,,,,,,,,,,,,,,,,,,,,,,,,,,,,,,,,,,,,,,,,,,,,,,,,,,,,,,,,,,,,,,,,,,,,,,,,,,,,,,,,,,,,,,,,,,,,,,,,,,,,,,,,,,,,,,,,,,,,,,,,,,
8,Apukhtin,4310.196082,3659.872369,4554.846627,4707.964308,3687.056707,5502.429575,3725.110499,0,3644.438011,3705.075422,3785.985133,3642.364222,3680.357675,5355.569705,4509.693924,7770.665543,8063.00728,7626.630084,3663.775069,7990.53023,,,,,,,,,,,,,,,,,,,,,,,,,,,,,,,,,,,,,,,,,,,,,,,,,,,,,,,,,,,,,,,,,,,,,,,,,,,,,,,,,,,,,,,,,,,,,,,,,,,,,,,,,,,,,,,,,,,,,,,,,,,,,,,,,,,,,,,,,,
9,Askochenskiy,4128.027791,2913.322087,4440.651742,4555.146611,2854.460516,5416.512261,3112.003671,3644.438011,0,3213.091473,3510.593209,2723.46759,2903.371857,5211.040755,4296.270436,7702.270084,7978.160188,7480.167458,2815.60811,7902.99277,,,,,,,,,,,,,,,,,,,,,,,,,,,,,,,,,,,,,,,,,,,,,,,,,,,,,,,,,,,,,,,,,,,,,,,,,,,,,,,,,,,,,,,,,,,,,,,,,,,,,,,,,,,,,,,,,,,,,,,,,,,,,,,,,,,,,,,,,,
10,Avdeyev,4238.314841,3218.604779,4490.898649,4630.07084,3228.8748,5440.314139,3304.644665,3705.075422,3213.091473,0,3577.235003,3208.828565,3246.679992,5258.61906,4368.794994,7709.659537,7922.992352,7551.485775,3213.526909,7922.297688,,,,,,,,,,,,,,,,,,,,,,,,,,,,,,,,,,,,,,,,,,,,,,,,,,,,,,,,,,,,,,,,,,,,,,,,,,,,,,,,,,,,,,,,,,,,,,,,,,,,,,,,,,,,,,,,,,,,,,,,,,,,,,,,,,,,,,,,,,
11,Avenarius,4301.435129,3524.001726,4554.630021,4690.046641,3543.707172,5518.586399,3605.275782,3785.985133,3510.593209,3577.235003,0,3518.290635,3560.465387,5312.55892,4433.186559,7793.537312,8022.053564,7563.676005,3532.371132,8018.180585,,,,,,,,,,,,,,,,,,,,,,,,,,,,,,,,,,,,,,,,,,,,,,,,,,,,,,,,,,,,,,,,,,,,,,,,,,,,,,,,,,,,,,,,,,,,,,,,,,,,,,,,,,,,,,,,,,,,,,,,,,,,,,,,,,,,,,,,,,
12,Begichev,4131.114741,2897.290269,4435.794292,4558.375635,2630.122963,5464.937779,3097.918484,3642.364222,2723.46759,3208.828565,3518.290635,0,2883.078117,5197.424896,4350.788458,7784.115404,7923.683585,7457.763705,2574.511982,7980.879199,,,,,,,,,,,,,,,,,,,,,,,,,,,,,,,,,,,,,,,,,,,,,,,,,,,,,,,,,,,,,,,,,,,,,,,,,,,,,,,,,,,,,,,,,,,,,,,,,,,,,,,,,,,,,,,,,,,,,,,,,,,,,,,,,,,,,,,,,,
13,Bestuzhev,4180.048744,2964.976868,4483.888638,4593.272573,2926.021168,5495.221269,3158.985573,3680.357675,2903.371857,3246.679992,3560.465387,2883.078117,0,5253.716146,4379.379317,7797.232252,7975.172447,7483.742453,2882.704382,8015.588494,,,,,,,,,,,,,,,,,,,,,,,,,,,,,,,,,,,,,,,,,,,,,,,,,,,,,,,,,,,,,,,,,,,,,,,,,,,,,,,,,,,,,,,,,,,,,,,,,,,,,,,,,,,,,,,,,,,,,,,,,,,,,,,,,,,,,,,,,,
14,Bestuzhev_marlinskiy,5375.527265,5240.196944,5424.847702,5421.910505,5240.411831,5760.911913,5315.491801,5355.569705,5211.040755,5258.61906,5312.55892,5197.424896,5253.716146,0,5348.13307,7982.31596,8106.975378,7709.093495,5265.680875,8188.360381,,,,,,,,,,,,,,,,,,,,,,,,,,,,,,,,,,,,,,,,,,,,,,,,,,,,,,,,,,,,,,,,,,,,,,,,,,,,,,,,,,,,,,,,,,,,,,,,,,,,,,,,,,,,,,,,,,,,,,,,,,,,,,,,,,,,,,,,,,
15,Blok,4514.635923,4365.364201,4666.612951,4759.984682,4326.921992,5689.649144,4479.731506,4509.693924,4296.270436,4368.794994,4433.186559,4350.788458,4379.379317,5348.13307,0,7972.03576,8113.796883,7721.265656,4396.242819,8169.029705,,,,,,,,,,,,,,,,,,,,,,,,,,,,,,,,,,,,,,,,,,,,,,,,,,,,,,,,,,,,,,,,,,,,,,,,,,,,,,,,,,,,,,,,,,,,,,,,,,,,,,,,,,,,,,,,,,,,,,,,,,,,,,,,,,,,,,,,,,
16,Boborykin,7896.892659,7734.971924,7866.019508,7902.953315,7785.691336,7978.131036,7834.963305,7770.665543,7702.270084,7709.659537,7793.537312,7784.115404,7797.232252,7982.31596,7972.03576,0,8419.383537,8302.081158,7811.187367,8367.150148,,,,,,,,,,,,,,,,,,,,,,,,,,,,,,,,,,,,,,,,,,,,,,,,,,,,,,,,,,,,,,,,,,,,,,,,,,,,,,,,,,,,,,,,,,,,,,,,,,,,,,,,,,,,,,,,,,,,,,,,,,,,,,,,,,,,,,,,,,
17,Bryusov,8149.270771,7946.509429,8122.169116,8130.528537,7976.492816,8247.113717,8028.34603,8063.00728,7978.160188,7922.992352,8022.053564,7923.683585,7975.172447,8106.975378,8113.796883,8419.383537,0,8430.005857,8093.539683,8550.320238,,,,,,,,,,,,,,,,,,,,,,,,,,,,,,,,,,,,,,,,,,,,,,,,,,,,,,,,,,,,,,,,,,,,,,,,,,,,,,,,,,,,,,,,,,,,,,,,,,,,,,,,,,,,,,,,,,,,,,,,,,,,,,,,,,,,,,,,,,
18,Bulgarin,7566.594864,7543.206731,7629.02893,7597.9136,7567.726244,7840.125593,7580.016888,7626.630084,7480.167458,7551.485775,7563.676005,7457.763705,7483.742453,7709.093495,7721.265656,8302.081158,8430.005857,0,7564.404199,8503.690093,,,,,,,,,,,,,,,,,,,,,,,,,,,,,,,,,,,,,,,,,,,,,,,,,,,,,,,,,,,,,,,,,,,,,,,,,,,,,,,,,,,,,,,,,,,,,,,,,,,,,,,,,,,,,,,,,,,,,,,,,,,,,,,,,,,,,,,,,,
19,Butkov,4147.352261,2889.958026,4458.307267,4588.433816,2552.903467,5484.289368,3100.917014,3663.775069,2815.60811,3213.526909,3532.371132,2574.511982,2882.704382,5265.680875,4396.242819,7811.187367,8093.539683,7564.404199,0,7994.014169704168,,,,,,,,,,,,,,,,,,,,,,,,,,,,,,,,,,,,,,,,,,,,,,,,,,,,,,,,,,,,,,,,,,,,,,,,,,,,,,,,,,,,,,,,,,,,,,,,,,,,,,,,,,,,,,,,,,,,,,,,,,,,,,,,,,,,,,,,,,
20,Chekhov,8100.735829,7926.674171,8053.472493,8101.151213,7984.283929,8189.873357,8056.637885,7990.53023,7902.99277,7922.297688,8018.180585,7980.879199,8015.588494,8188.360381,8169.029705,8367.150148,8550.320238,8503.690093,7994.014169704168,0,,,,,,,,,,,,,,,,,,,,,,,,,,,,,,,,,,,,,,,,,,,,,,,,,,,,,,,,,,,,,,,,,,,,,,,,,,,,,,,,,,,,,,,,,,,,,,,,,,,,,,,,,,,,,,,,,,,,,,,,,,,,,,,,,,,,,,,,,,
21,Chernyshevskiy,4499.17519,4238.500359,4616.06901,4765.7031,4277.662393,5548.221617,4316.902149,4366.435893,4238.251232,4275.695742,4355.962453,4242.97807,4295.14413,5376.808954,4566.131518,7812.429014,8008.728082,7617.578053,4283.702768673955,8002.371668987746,,,,,,,,,,,,,,,,,,,,,,,,,,,,,,,,,,,,,,,,,,,,,,,,,,,,,,,,,,,,,,,,,,,,,,,,,,,,,,,,,,,,,,,,,,,,,,,,,,,,,,,,,,,,,,,,,,,,,,,,,,,,,,,,,,,,,,,,,,
22,Dal,4535.019412,4363.740027,4602.999271,4738.189976,4386.779911,5582.353258,4424.844429,4460.05907,4331.687298,4390.690941,4451.524555,4326.805086,4383.555298,5362.733042,4578.88831,7839.402901,8077.575443,7558.08869,4352.142065016238,8057.946887626878,,,,,,,,,,,,,,,,,,,,,,,,,,,,,,,,,,,,,,,,,,,,,,,,,,,,,,,,,,,,,,,,,,,,,,,,,,,,,,,,,,,,,,,,,,,,,,,,,,,,,,,,,,,,,,,,,,,,,,,,,,,,,,,,,,,,,,,,,,
23,Danilevskiy,7587.524843,7511.586772,7598.635863,7624.873199,7535.390184,7771.915554,7583.919672,7536.231251,7435.397654,7515.463287,7541.276141,7486.346807,7508.1256,7683.537495,7694.974958,8159.652621,8389.541745,7981.260047,7520.576945643705,8362.699958272573,,,,,,,,,,,,,,,,,,,,,,,,,,,,,,,,,,,,,,,,,,,,,,,,,,,,,,,,,,,,,,,,,,,,,,,,,,,,,,,,,,,,,,,,,,,,,,,,,,,,,,,,,,,,,,,,,,,,,,,,,,,,,,,,,,,,,,,,,,
24,Dmitriyev,4372.079938,4064.884778,4672.483516,4762.9041,4072.727533,5655.732618,4113.869853,4147.059055,4016.939848,4094.162148,4164.023346,4006.587629,4020.43491,5407.126533,4591.244646,7902.421323,8172.906803,7597.372003,4041.959687108561,8106.865710850924,,,,,,,,,,,,,,,,,,,,,,,,,,,,,,,,,,,,,,,,,,,,,,,,,,,,,,,,,,,,,,,,,,,,,,,,,,,,,,,,,,,,,,,,,,,,,,,,,,,,,,,,,,,,,,,,,,,,,,,,,,,,,,,,,,,,,,,,,,
25,Dostoevsky,15721.12411,15383.86369,15483.28482,15619.2941,15585.12431,15753.44652,15590.20823,15523.54197,15439.37967,15314.84372,15447.36024,15497.13885,15526.26554,15714.7128,15848.75702,15624.84549,15950.18947,15889.93693,15683.812512115286,15753.294590174855,,,,,,,,,,,,,,,,,,,,,,,,,,,,,,,,,,,,,,,,,,,,,,,,,,,,,,,,,,,,,,,,,,,,,,,,,,,,,,,,,,,,,,,,,,,,,,,,,,,,,,,,,,,,,,,,,,,,,,,,,,,,,,,,,,,,,,,,,,
26,Driyanskiy,4166.243053,2995.22163,4482.609017,4619.073827,2946.216551,5544.04954,3180.803214,3721.288137,2903.613117,3286.960304,3576.904214,2888.373437,2973.618602,5258.400335,4388.966148,7810.774093,8073.829463,7550.675398,2878.9980796134623,8040.550067105326,,,,,,,,,,,,,,,,,,,,,,,,,,,,,,,,,,,,,,,,,,,,,,,,,,,,,,,,,,,,,,,,,,,,,,,,,,,,,,,,,,,,,,,,,,,,,,,,,,,,,,,,,,,,,,,,,,,,,,,,,,,,,,,,,,,,,,,,,,
27,Druzhinin,4295.330483,3918.412282,4564.729778,4682.345307,3931.529014,5535.424474,3988.502579,4042.177486,3834.471155,3957.68015,4025.784156,3836.050697,3948.89658,5307.582367,4445.950008,7812.886399,7996.38729,7561.365334,3928.815823214871,8033.266850639252,,,,,,,,,,,,,,,,,,,,,,,,,,,,,,,,,,,,,,,,,,,,,,,,,,,,,,,,,,,,,,,,,,,,,,,,,,,,,,,,,,,,,,,,,,,,,,,,,,,,,,,,,,,,,,,,,,,,,,,,,,,,,,,,,,,,,,,,,,
28,Durova,4874.482687,4733.955377,4922.520496,4934.622238,4738.64915,5611.568146,4807.867584,4836.34358,4706.380887,4743.254513,4815.584238,4674.177692,4719.478583,5358.921866,4902.633502,7854.804193,8032.114226,7564.465694,4769.589325008125,8066.236649742041,,,,,,,,,,,,,,,,,,,,,,,,,,,,,,,,,,,,,,,,,,,,,,,,,,,,,,,,,,,,,,,,,,,,,,,,,,,,,,,,,,,,,,,,,,,,,,,,,,,,,,,,,,,,,,,,,,,,,,,,,,,,,,,,,,,,,,,,,,
29,Ertel,6859.345919,6722.801658,6853.647551,6877.623276,6760.606436,7003.743089,6810.639265,6787.598516,6693.933222,6730.739539,6782.474464,6744.92218,6771.814401,6962.849149,6929.994295,8025.880051,8276.393889,7839.458289,6752.455841434642,8226.943040689763,,,,,,,,,,,,,,,,,,,,,,,,,,,,,,,,,,,,,,,,,,,,,,,,,,,,,,,,,,,,,,,,,,,,,,,,,,,,,,,,,,,,,,,,,,,,,,,,,,,,,,,,,,,,,,,,,,,,,,,,,,,,,,,,,,,,,,,,,,
30,Filippov,5149.048887,5016.055317,5196.262395,5203.986897,5046.18279,5777.730607,5066.797842,5087.576454,4954.571518,5035.10627,5073.686768,4978.444547,5000.496458,5523.259017,5225.5211,7978.742305,8205.496312,7693.852027,5016.373853198928,8184.818328913162,,,,,,,,,,,,,,,,,,,,,,,,,,,,,,,,,,,,,,,,,,,,,,,,,,,,,,,,,,,,,,,,,,,,,,,,,,,,,,,,,,,,,,,,,,,,,,,,,,,,,,,,,,,,,,,,,,,,,,,,,,,,,,,,,,,,,,,,,,
31,Furman,4117.33684,2892.865679,4474.635521,4555.299459,2536.506355,5509.76221,3087.821758,3647.897825,2790.591891,3214.980577,3518.521272,2546.865465,2850.788181,5248.365643,4327.503328,7826.451314,8014.657044,7511.016093,2054.4372512185632,8052.392335885376,,,,,,,,,,,,,,,,,,,,,,,,,,,,,,,,,,,,,,,,,,,,,,,,,,,,,,,,,,,,,,,,,,,,,,,,,,,,,,,,,,,,,,,,,,,,,,,,,,,,,,,,,,,,,,,,,,,,,,,,,,,,,,,,,,,,,,,,,,
32,Gan,4207.440371,2937.447808,4526.092296,4629.01384,2578.891633,5537.988804,3148.890252,3700.374926,2864.502501,3243.876865,3554.719366,2625.87987,2908.10755,5294.180866,4283.888878,7839.978398,8074.526271,7622.4695,2434.4512162029546,8107.837916540598,,,,,,,,,,,,,,,,,,,,,,,,,,,,,,,,,,,,,,,,,,,,,,,,,,,,,,,,,,,,,,,,,,,,,,,,,,,,,,,,,,,,,,,,,,,,,,,,,,,,,,,,,,,,,,,,,,,,,,,,,,,,,,,,,,,,,,,,,,
33,Garin_mikhaylovskiy,6041.553132,5864.730911,6032.445473,6069.670424,5914.508566,6145.82063,5937.725009,5942.196961,5828.418796,5869.984237,5947.073282,5886.739598,5926.383203,6128.170685,6067.961524,7984.343937,8221.483461,7821.265748,5893.481058212916,8172.49461409848,,,,,,,,,,,,,,,,,,,,,,,,,,,,,,,,,,,,,,,,,,,,,,,,,,,,,,,,,,,,,,,,,,,,,,,,,,,,,,,,,,,,,,,,,,,,,,,,,,,,,,,,,,,,,,,,,,,,,,,,,,,,,,,,,,,,,,,,,,
34,Garshin,4137.193143,2846.964269,4445.633876,4557.846843,2502.450198,5453.465869,3063.60848,3623.269676,2777.672388,3170.870351,3485.282384,2541.557131,2849.763454,5218.441347,4283.345112,7748.219224,7998.311085,7525.351566,2054.148041271805,7968.979560912343,,,,,,,,,,,,,,,,,,,,,,,,,,,,,,,,,,,,,,,,,,,,,,,,,,,,,,,,,,,,,,,,,,,,,,,,,,,,,,,,,,,,,,,,,,,,,,,,,,,,,,,,,,,,,,,,,,,,,,,,,,,,,,,,,,,,,,,,,,
35,Gertsen,4254.683506,3514.024096,4540.669186,4665.446304,3524.276782,5536.363485,3580.288432,3757.539536,3487.276607,3556.422782,3642.786472,3482.577173,3528.277922,5304.527399,4434.890335,7824.321446,8018.385557,7536.419493,3507.6737666574236,8046.486264952849,,,,,,,,,,,,,,,,,,,,,,,,,,,,,,,,,,,,,,,,,,,,,,,,,,,,,,,,,,,,,,,,,,,,,,,,,,,,,,,,,,,,,,,,,,,,,,,,,,,,,,,,,,,,,,,,,,,,,,,,,,,,,,,,,,,,,,,,,,
36,Geyntse,12320.03068,12173.40074,12231.34545,12304.37557,12271.03428,12407.42135,12288.31015,12173.27497,12128.53435,12105.99515,12168.34308,12192.3026,12150.82774,12379.07507,12456.27231,12402.11798,12599.53642,12499.99077,12315.228961750468,12478.01042546809,,,,,,,,,,,,,,,,,,,,,,,,,,,,,,,,,,,,,,,,,,,,,,,,,,,,,,,,,,,,,,,,,,,,,,,,,,,,,,,,,,,,,,,,,,,,,,,,,,,,,,,,,,,,,,,,,,,,,,,,,,,,,,,,,,,,,,,,,,
37,Gippius,4202.531359,2910.920996,4491.148502,4619.548725,2566.117331,5477.507571,3122.110742,3669.816381,2847.854185,3209.732278,3534.502118,2630.081984,2907.645372,5300.966717,4307.919844,7821.71301,8053.993846,7607.291598,2317.3931725198204,8039.069859924264,,,,,,,,,,,,,,,,,,,,,,,,,,,,,,,,,,,,,,,,,,,,,,,,,,,,,,,,,,,,,,,,,,,,,,,,,,,,,,,,,,,,,,,,,,,,,,,,,,,,,,,,,,,,,,,,,,,,,,,,,,,,,,,,,,,,,,,,,,
38,Glinkav,4082.736844,2885.820991,4391.713953,4517.241475,2542.248412,5407.343459,3103.514477,3625.276487,2710.919846,3198.284588,3503.081992,2480.149,2889.796356,5198.11016,4322.617146,7678.363236,8003.812167,7438.162455,2351.700604757209,7902.950192254151,,,,,,,,,,,,,,,,,,,,,,,,,,,,,,,,,,,,,,,,,,,,,,,,,,,,,,,,,,,,,,,,,,,,,,,,,,,,,,,,,,,,,,,,,,,,,,,,,,,,,,,,,,,,,,,,,,,,,,,,,,,,,,,,,,,,,,,,,,
39,Gogol,8524.504587,8403.593603,8497.60081,8527.7357,8431.803949,8682.152839,8475.217569,8484.927683,8356.86673,8404.073041,8430.354032,8416.856974,8445.886915,8586.237282,8620.081329,8792.878982,8972.998802,8843.299501,8442.596640566328,8843.880920254958,,,,,,,,,,,,,,,,,,,,,,,,,,,,,,,,,,,,,,,,,,,,,,,,,,,,,,,,,,,,,,,,,,,,,,,,,,,,,,,,,,,,,,,,,,,,,,,,,,,,,,,,,,,,,,,,,,,,,,,,,,,,,,,,,,,,,,,,,,
40,Goncharov,7993.199817,7804.634871,7921.232997,7974.486047,7862.614798,8088.697623,7938.466451,7890.6131,7805.297199,7809.394247,7896.98694,7856.538475,7870.011991,8037.653252,8017.397436,8273.796255,8443.189273,8399.94615,7900.688834707617,8347.298122172746,,,,,,,,,,,,,,,,,,,,,,,,,,,,,,,,,,,,,,,,,,,,,,,,,,,,,,,,,,,,,,,,,,,,,,,,,,,,,,,,,,,,,,,,,,,,,,,,,,,,,,,,,,,,,,,,,,,,,,,,,,,,,,,,,,,,,,,,,,
41,Gorkiy,4278.929929,3701.297807,4563.43211,4681.770471,3713.685718,5542.714784,3790.076807,3856.605652,3678.482962,3753.150965,3819.274226,3695.643184,3753.537257,5326.882316,4427.035878,7833.190936,8060.43302,7639.629279,3689.850452972333,8032.552712952794,,,,,,,,,,,,,,,,,,,,,,,,,,,,,,,,,,,,,,,,,,,,,,,,,,,,,,,,,,,,,,,,,,,,,,,,,,,,,,,,,,,,,,,,,,,,,,,,,,,,,,,,,,,,,,,,,,,,,,,,,,,,,,,,,,,,,,,,,,
42,Gorky,10132.41774,9969.72056,10089.22526,10118.54146,10057.5697,10248.60219,10137.99478,10092.91513,9964.074265,10016.54955,10113.4214,10055.2897,10138.1477,10203.71604,10202.71174,10306.88751,10497.36481,10481.40658,10076.506331629089,10348.773934365228,,,,,,,,,,,,,,,,,,,,,,,,,,,,,,,,,,,,,,,,,,,,,,,,,,,,,,,,,,,,,,,,,,,,,,,,,,,,,,,,,,,,,,,,,,,,,,,,,,,,,,,,,,,,,,,,,,,,,,,,,,,,,,,,,,,,,,,,,,
43,Grebenka,4132.756747,2947.662674,4467.206039,4571.261223,2599.314673,5489.425627,3154.097605,3687.835258,2846.527617,3244.12732,3552.141462,2615.498938,2925.692101,5241.25073,4311.352691,7818.465633,8062.878572,7531.098081,2505.973624152496,8023.407342110608,,,,,,,,,,,,,,,,,,,,,,,,,,,,,,,,,,,,,,,,,,,,,,,,,,,,,,,,,,,,,,,,,,,,,,,,,,,,,,,,,,,,,,,,,,,,,,,,,,,,,,,,,,,,,,,,,,,,,,,,,,,,,,,,,,,,,,,,,,
44,Grech,4314.263031,3946.629209,4589.455207,4716.039952,3955.448293,5595.484992,4017.869126,4066.619951,3928.381943,3980.396701,4051.956081,3912.926489,3941.828561,5358.634201,4492.974484,7890.361665,8068.668152,7559.276866,3950.6086703735978,8106.59482522284,,,,,,,,,,,,,,,,,,,,,,,,,,,,,,,,,,,,,,,,,,,,,,,,,,,,,,,,,,,,,,,,,,,,,,,,,,,,,,,,,,,,,,,,,,,,,,,,,,,,,,,,,,,,,,,,,,,,,,,,,,,,,,,,,,,,,,,,,,
45,Grigorovich,8338.939359,8220.632725,8292.981902,8347.669922,8285.616806,8476.278654,8327.082719,8272.014052,8137.213743,8231.987046,8275.814552,8224.355889,8292.216402,8433.243408,8443.659061,8624.41383,8815.328128,8731.889723,8267.614724956,8673.151806323367,,,,,,,,,,,,,,,,,,,,,,,,,,,,,,,,,,,,,,,,,,,,,,,,,,,,,,,,,,,,,,,,,,,,,,,,,,,,,,,,,,,,,,,,,,,,,,,,,,,,,,,,,,,,,,,,,,,,,,,,,,,,,,,,,,,,,,,,,,
46,Herzen,5479.605875,5296.644202,5492.910858,5517.194605,5305.613028,5746.695717,5365.025183,5397.431984,5275.042342,5306.931224,5360.940052,5275.90516,5320.023145,5561.658165,5476.434604,7964.307458,8131.324082,7716.907018,5358.19652776817,8189.671847411273,,,,,,,,,,,,,,,,,,,,,,,,,,,,,,,,,,,,,,,,,,,,,,,,,,,,,,,,,,,,,,,,,,,,,,,,,,,,,,,,,,,,,,,,,,,,,,,,,,,,,,,,,,,,,,,,,,,,,,,,,,,,,,,,,,,,,,,,,,
47,Iogel,5803.189876,5602.220354,5822.451896,5824.161884,5632.622472,5967.666812,5686.370703,5695.17011,5420.268396,5638.042972,5719.078025,5450.512936,5658.498148,5879.431679,5771.462966,7891.873938,8108.067376,7697.040014,5627.966023125528,8103.719625715679,,,,,,,,,,,,,,,,,,,,,,,,,,,,,,,,,,,,,,,,,,,,,,,,,,,,,,,,,,,,,,,,,,,,,,,,,,,,,,,,,,,,,,,,,,,,,,,,,,,,,,,,,,,,,,,,,,,,,,,,,,,,,,,,,,,,,,,,,,
48,Kalashnikov,4155.376064,3186.110788,4491.528181,4597.775744,3189.882404,5533.993364,3271.915339,3710.55823,3051.772968,3286.806248,3566.376835,3023.381574,3217.014788,5215.856349,4316.79932,7811.384454,7983.18798,7509.028071,3144.5823013571708,8020.803330591137,,,,,,,,,,,,,,,,,,,,,,,,,,,,,,,,,,,,,,,,,,,,,,,,,,,,,,,,,,,,,,,,,,,,,,,,,,,,,,,,,,,,,,,,,,,,,,,,,,,,,,,,,,,,,,,,,,,,,,,,,,,,,,,,,,,,,,,,,,
49,Karnovich,5868.967304,5801.283551,5937.706546,5933.317357,5816.255678,6106.650394,5834.609931,5850.078798,5750.132742,5800.348305,5852.506875,5732.472893,5743.181252,6018.521442,5994.481515,8096.854445,8299.609948,7749.637716,5802.322601403617,8324.025205621367,,,,,,,,,,,,,,,,,,,,,,,,,,,,,,,,,,,,,,,,,,,,,,,,,,,,,,,,,,,,,,,,,,,,,,,,,,,,,,,,,,,,,,,,,,,,,,,,,,,,,,,,,,,,,,,,,,,,,,,,,,,,,,,,,,,,,,,,,,
50,Khomyakov,4144.489262,2873.494235,4424.667897,4567.460992,2522.493254,5461.177857,3093.2927,3642.110519,2795.994246,3181.356862,3520.332133,2544.13626,2857.990088,5267.575679,4259.041339,7827.465537,8062.985799,7557.800055,2059.9199374889013,8039.513597276347,,,,,,,,,,,,,,,,,,,,,,,,,,,,,,,,,,,,,,,,,,,,,,,,,,,,,,,,,,,,,,,,,,,,,,,,,,,,,,,,,,,,,,,,,,,,,,,,,,,,,,,,,,,,,,,,,,,,,,,,,,,,,,,,,,,,,,,,,,
51,Khvoshchinskaya,4265.131041,3708.654587,4519.48988,4665.135399,3735.365296,5479.884911,3794.600112,3849.788253,3703.069328,3750.41427,3842.497304,3709.531377,3747.981356,5314.051533,4459.424676,7784.673382,8008.432825,7566.045045,3718.5851929446208,7986.945686121861,,,,,,,,,,,,,,,,,,,,,,,,,,,,,,,,,,,,,,,,,,,,,,,,,,,,,,,,,,,,,,,,,,,,,,,,,,,,,,,,,,,,,,,,,,,,,,,,,,,,,,,,,,,,,,,,,,,,,,,,,,,,,,,,,,,,,,,,,,
52,Kogan,4127.43732,2852.435839,4449.021192,4556.591959,2502.584103,5419.326935,3066.439244,3626.115776,2695.709413,3172.376442,3489.025755,2447.828314,2859.165991,5207.709744,4279.475175,7758.608457,8000.902414,7525.973887,2052.202374538901,7956.367781781451,,,,,,,,,,,,,,,,,,,,,,,,,,,,,,,,,,,,,,,,,,,,,,,,,,,,,,,,,,,,,,,,,,,,,,,,,,,,,,,,,,,,,,,,,,,,,,,,,,,,,,,,,,,,,,,,,,,,,,,,,,,,,,,,,,,,,,,,,,
53,Kokhanovskaya,4268.77544,4046.744772,4547.852804,4679.684914,4057.825853,5528.753739,4115.472056,4149.203354,3920.069254,4087.276843,4151.78588,3926.875224,4073.882142,5318.618097,4436.522922,7797.887454,8032.810449,7579.742139,4020.5987638660704,8003.013867248786,,,,,,,,,,,,,,,,,,,,,,,,,,,,,,,,,,,,,,,,,,,,,,,,,,,,,,,,,,,,,,,,,,,,,,,,,,,,,,,,,,,,,,,,,,,,,,,,,,,,,,,,,,,,,,,,,,,,,,,,,,,,,,,,,,,,,,,,,,
54,Kokorev,4143.474358,2925.336388,4439.820652,4588.354252,2618.316539,5452.761293,3123.248946,3669.396848,2834.09129,3224.948284,3537.764364,2603.238342,2909.35371,5235.473079,4289.151812,7778.945165,8037.538949,7500.052786,2565.4458283388653,8002.747768344936,,,,,,,,,,,,,,,,,,,,,,,,,,,,,,,,,,,,,,,,,,,,,,,,,,,,,,,,,,,,,,,,,,,,,,,,,,,,,,,,,,,,,,,,,,,,,,,,,,,,,,,,,,,,,,,,,,,,,,,,,,,,,,,,,,,,,,,,,,
55,Kolbasin,4103.439789,2808.057134,4387.627239,4513.562514,2477.358864,5371.417292,3041.305678,3584.128163,2666.46563,3125.610889,3444.446098,2434.245923,2821.417377,5175.691557,4295.054032,7676.518744,7945.117584,7545.340703,2027.8975553570417,7879.248350972841,,,,,,,,,,,,,,,,,,,,,,,,,,,,,,,,,,,,,,,,,,,,,,,,,,,,,,,,,,,,,,,,,,,,,,,,,,,,,,,,,,,,,,,,,,,,,,,,,,,,,,,,,,,,,,,,,,,,,,,,,,,,,,,,,,,,,,,,,,
56,Konshin,4260.509105,3537.149242,4557.902393,4673.247323,3539.516655,5540.420398,3597.022662,3794.151397,3497.970292,3572.322965,3671.898872,3481.385442,3523.37805,5322.193166,4434.914293,7856.055448,8040.969915,7519.608623,3508.8949859181616,8061.587161233334,,,,,,,,,,,,,,,,,,,,,,,,,,,,,,,,,,,,,,,,,,,,,,,,,,,,,,,,,,,,,,,,,,,,,,,,,,,,,,,,,,,,,,,,,,,,,,,,,,,,,,,,,,,,,,,,,,,,,,,,,,,,,,,,,,,,,,,,,,
57,Kornilovich,4135.179179,2946.150506,4473.05519,4614.480127,2572.631368,5553.268595,3142.338212,3703.876407,2831.840169,3248.174404,3568.302766,2564.539283,2896.553128,5272.513297,4305.254025,7928.609986,8067.53114,7521.304079,2097.78091708484,8141.284139922161,,,,,,,,,,,,,,,,,,,,,,,,,,,,,,,,,,,,,,,,,,,,,,,,,,,,,,,,,,,,,,,,,,,,,,,,,,,,,,,,,,,,,,,,,,,,,,,,,,,,,,,,,,,,,,,,,,,,,,,,,,,,,,,,,,,,,,,,,,
58,Korolenko,4697.150537,4516.399413,4736.651644,4801.373009,4542.275641,5656.4267,4596.391321,4642.359556,4504.206345,4556.03011,4615.410487,4522.806957,4564.683763,5416.729912,4675.350085,7888.546212,8118.316653,7671.314235,4536.886622198196,8078.154594742197,,,,,,,,,,,,,,,,,,,,,,,,,,,,,,,,,,,,,,,,,,,,,,,,,,,,,,,,,,,,,,,,,,,,,,,,,,,,,,,,,,,,,,,,,,,,,,,,,,,,,,,,,,,,,,,,,,,,,,,,,,,,,,,,,,,,,,,,,,
59,Krasnitskiy,4946.455075,4871.262473,5055.442863,4996.844098,4868.715978,5833.833572,4905.64843,4974.881177,4820.904714,4906.48489,4953.595239,4796.818158,4852.441178,5515.347118,4977.769652,8055.123622,8153.173156,7670.035352,4866.563897146466,8247.295302417418,,,,,,,,,,,,,,,,,,,,,,,,,,,,,,,,,,,,,,,,,,,,,,,,,,,,,,,,,,,,,,,,,,,,,,,,,,,,,,,,,,,,,,,,,,,,,,,,,,,,,,,,,,,,,,,,,,,,,,,,,,,,,,,,,,,,,,,,,,
60,Krasnova,4202.612058,2886.524257,4476.59571,4619.917215,2547.931047,5424.479781,3102.388239,3642.708805,2823.271462,3188.638258,3510.36706,2601.412525,2880.883836,5273.084926,4338.273628,7794.151039,8010.549726,7655.966709,2111.5017505263604,8000.161906310482,,,,,,,,,,,,,,,,,,,,,,,,,,,,,,,,,,,,,,,,,,,,,,,,,,,,,,,,,,,,,,,,,,,,,,,,,,,,,,,,,,,,,,,,,,,,,,,,,,,,,,,,,,,,,,,,,,,,,,,,,,,,,,,,,,,,,,,,,,
61,Krestovskaya,4363.833597,3819.164762,4596.083538,4735.615214,3848.888694,5533.804939,3917.926316,3980.33706,3829.149899,3873.885671,3953.176988,3843.101156,3888.766904,5390.837424,4497.779352,7845.16815,8077.632427,7711.747832,3857.082635135468,8041.700051111724,,,,,,,,,,,,,,,,,,,,,,,,,,,,,,,,,,,,,,,,,,,,,,,,,,,,,,,,,,,,,,,,,,,,,,,,,,,,,,,,,,,,,,,,,,,,,,,,,,,,,,,,,,,,,,,,,,,,,,,,,,,,,,,,,,,,,,,,,,
62,Kryukov,4151.173675,2974.687379,4490.247355,4622.969649,2633.851124,5516.596085,3172.859972,3726.420634,2883.807994,3277.23468,3588.754686,2646.495388,2966.320673,5280.54769,4362.595001,7830.123568,8091.69095,7559.34172,2313.7981235288967,8018.668932477449,,,,,,,,,,,,,,,,,,,,,,,,,,,,,,,,,,,,,,,,,,,,,,,,,,,,,,,,,,,,,,,,,,,,,,,,,,,,,,,,,,,,,,,,,,,,,,,,,,,,,,,,,,,,,,,,,,,,,,,,,,,,,,,,,,,,,,,,,,
63,Kryzhanovskaya,9332.360366,9112.403991,9304.606207,9302.805116,9179.792102,9400.107267,9229.35748,9277.614963,9207.170776,9089.807285,9252.892911,9117.707864,9175.038931,9288.252166,9344.705088,9542.81946,9530.322228,9610.054025,9303.617961212069,9583.417678957769,,,,,,,,,,,,,,,,,,,,,,,,,,,,,,,,,,,,,,,,,,,,,,,,,,,,,,,,,,,,,,,,,,,,,,,,,,,,,,,,,,,,,,,,,,,,,,,,,,,,,,,,,,,,,,,,,,,,,,,,,,,,,,,,,,,,,,,,,,
64,Kugushev,4125.711354,2836.552811,4408.98526,4545.513013,2508.139479,5403.427401,3043.162296,3584.159463,2761.124348,3143.855484,3468.379756,2528.462414,2826.480304,5196.016427,4350.832681,7682.964927,7964.273275,7493.634183,2050.7370964218776,7907.164920970931,,,,,,,,,,,,,,,,,,,,,,,,,,,,,,,,,,,,,,,,,,,,,,,,,,,,,,,,,,,,,,,,,,,,,,,,,,,,,,,,,,,,,,,,,,,,,,,,,,,,,,,,,,,,,,,,,,,,,,,,,,,,,,,,,,,,,,,,,,
65,Kulchitskiy,4133.209568,2838.416141,4445.534689,4579.388911,2487.811443,5426.095512,3054.017998,3608.121738,2768.463806,3151.162102,3483.697068,2528.227896,2834.908176,5257.892777,4266.105375,7788.929519,8014.408956,7581.150661,2029.4454780882238,8002.705339629713,,,,,,,,,,,,,,,,,,,,,,,,,,,,,,,,,,,,,,,,,,,,,,,,,,,,,,,,,,,,,,,,,,,,,,,,,,,,,,,,,,,,,,,,,,,,,,,,,,,,,,,,,,,,,,,,,,,,,,,,,,,,,,,,,,,,,,,,,,
66,Kuprin,4326.727245,3689.152502,4606.985636,4729.648323,3703.33024,5583.07817,3768.933015,3847.950848,3679.882382,3736.525186,3802.184817,3696.202543,3732.092324,5370.470827,4482.241467,7890.868816,8127.840525,7716.390196,3688.107192540146,8086.569797098992,,,,,,,,,,,,,,,,,,,,,,,,,,,,,,,,,,,,,,,,,,,,,,,,,,,,,,,,,,,,,,,,,,,,,,,,,,,,,,,,,,,,,,,,,,,,,,,,,,,,,,,,,,,,,,,,,,,,,,,,,,,,,,,,,,,,,,,,,,
67,Kushchevskiy,4310.51025,3740.96455,4577.172526,4714.770259,3762.97861,5562.328361,3806.071441,3871.180943,3734.602122,3789.324106,3858.087331,3740.397588,3777.795873,5367.67308,4514.094464,7854.898933,8119.828054,7632.520996,3745.322486695394,8060.967809331267,,,,,,,,,,,,,,,,,,,,,,,,,,,,,,,,,,,,,,,,,,,,,,,,,,,,,,,,,,,,,,,,,,,,,,,,,,,,,,,,,,,,,,,,,,,,,,,,,,,,,,,,,,,,,,,,,,,,,,,,,,,,,,,,,,,,,,,,,,
68,Lazhechnikov,8795.851478,8702.472114,8765.972083,8798.74259,8722.119959,8966.512728,8767.570766,8776.724831,8672.331231,8676.663862,8710.049294,8642.82019,8669.584715,8816.044942,8825.067539,9071.113573,9175.398656,9055.851553,8769.133461752004,9130.65809981967,,,,,,,,,,,,,,,,,,,,,,,,,,,,,,,,,,,,,,,,,,,,,,,,,,,,,,,,,,,,,,,,,,,,,,,,,,,,,,,,,,,,,,,,,,,,,,,,,,,,,,,,,,,,,,,,,,,,,,,,,,,,,,,,,,,,,,,,,,
69,Lebedev,4159.42987,3193.424825,4551.376584,4611.705348,3166.220246,5618.996091,3278.346076,3798.372391,3124.584897,3364.069167,3655.077788,3099.973943,3183.708325,5304.784641,4361.306015,7937.350138,8142.73811,7534.483734,3105.4811838010996,8122.271490947453,,,,,,,,,,,,,,,,,,,,,,,,,,,,,,,,,,,,,,,,,,,,,,,,,,,,,,,,,,,,,,,,,,,,,,,,,,,,,,,,,,,,,,,,,,,,,,,,,,,,,,,,,,,,,,,,,,,,,,,,,,,,,,,,,,,,,,,,,,
70,Leontyev,6918.993946,6752.056537,6885.862235,6928.357805,6825.55027,7071.335106,6851.749251,6841.657553,6735.94607,6749.012008,6826.315076,6734.593388,6781.278729,6990.929411,6982.617846,8044.020009,8200.203051,7797.54421,6822.736966714582,8239.719776292055,,,,,,,,,,,,,,,,,,,,,,,,,,,,,,,,,,,,,,,,,,,,,,,,,,,,,,,,,,,,,,,,,,,,,,,,,,,,,,,,,,,,,,,,,,,,,,,,,,,,,,,,,,,,,,,,,,,,,,,,,,,,,,,,,,,,,,,,,,
71,Leontyev_shcheglov,4129.938719,2847.389347,4432.960011,4572.383477,2504.701802,5449.294878,3073.026407,3639.460172,2769.948294,3164.134715,3497.632837,2534.755707,2854.727061,5241.930385,4336.874917,7799.787838,7982.928062,7553.146099,2052.8547773052683,7999.222918046182,,,,,,,,,,,,,,,,,,,,,,,,,,,,,,,,,,,,,,,,,,,,,,,,,,,,,,,,,,,,,,,,,,,,,,,,,,,,,,,,,,,,,,,,,,,,,,,,,,,,,,,,,,,,,,,,,,,,,,,,,,,,,,,,,,,,,,,,,,
72,Lermontov,4815.171928,4646.569099,4862.854509,4867.990469,4660.570626,5648.902246,4731.318952,4765.986345,4638.609336,4660.519674,4737.018367,4634.676017,4669.049321,5386.755817,4807.146998,7904.197234,8075.8174,7658.160282,4676.233769698339,8107.515597049584,,,,,,,,,,,,,,,,,,,,,,,,,,,,,,,,,,,,,,,,,,,,,,,,,,,,,,,,,,,,,,,,,,,,,,,,,,,,,,,,,,,,,,,,,,,,,,,,,,,,,,,,,,,,,,,,,,,,,,,,,,,,,,,,,,,,,,,,,,
73,Leskov,13142.30787,12945.14128,12968.6038,13071.42467,13071.53635,13219.51366,13091.05382,12978.85559,12886.07694,12862.2193,12954.47779,12946.76069,12997.78916,13174.93593,13248.75818,13152.59469,13421.76977,13362.03292,13098.457702948763,13255.870749861184,,,,,,,,,,,,,,,,,,,,,,,,,,,,,,,,,,,,,,,,,,,,,,,,,,,,,,,,,,,,,,,,,,,,,,,,,,,,,,,,,,,,,,,,,,,,,,,,,,,,,,,,,,,,,,,,,,,,,,,,,,,,,,,,,,,,,,,,,,
74,Levitov,4084.456373,2848.340323,4394.758471,4525.079366,2495.374258,5423.184689,3067.097325,3615.234508,2729.802299,3161.276632,3474.583864,2494.474847,2851.042463,5166.429966,4215.662401,7698.753183,7996.258143,7494.40617,2037.0990449055244,7921.498669761971,,,,,,,,,,,,,,,,,,,,,,,,,,,,,,,,,,,,,,,,,,,,,,,,,,,,,,,,,,,,,,,,,,,,,,,,,,,,,,,,,,,,,,,,,,,,,,,,,,,,,,,,,,,,,,,,,,,,,,,,,,,,,,,,,,,,,,,,,,
75,Leykin,7849.691274,7709.243419,7845.947186,7869.715976,7759.785703,7966.865496,7730.811231,7666.22402,7449.803056,7728.303327,7772.753701,7458.488673,7784.559804,7915.470499,7901.777038,8166.77253,8400.769638,8294.709496,7690.164895112838,8319.637130949393,,,,,,,,,,,,,,,,,,,,,,,,,,,,,,,,,,,,,,,,,,,,,,,,,,,,,,,,,,,,,,,,,,,,,,,,,,,,,,,,,,,,,,,,,,,,,,,,,,,,,,,,,,,,,,,,,,,,,,,,,,,,,,,,,,,,,,,,,,
76,Linev,4490.30243,4257.701321,4610.989269,4735.184122,4306.086889,5577.997216,4314.836842,4389.326235,4104.358307,4316.515507,4379.162426,4099.375073,4303.749577,5336.384984,4551.810649,7792.160097,8012.183369,7561.014119,4256.165913173406,,,,,,,,,,,,,,,,,,,,,,,,,,,,,,,,,,,,,,,,,,,,,,,,,,,,,,,,,,,,,,,,,,,,,,,,,,,,,,,,,,,,,,,,,,,,,,,,,,,,,,,,,,,,,,,,,,,,,,,,,,,,,,,,,,,,,,,,,,,
77,Lukhmanova,4250.600637,2978.629526,4529.048673,4670.095448,2697.695792,5488.77799,3188.109437,3720.272494,2905.881448,3285.558475,3575.101905,2689.905234,2972.964649,5317.783438,4395.166558,7808.87613,8090.573421,7708.706304,2659.195158938335,,,,,,,,,,,,,,,,,,,,,,,,,,,,,,,,,,,,,,,,,,,,,,,,,,,,,,,,,,,,,,,,,,,,,,,,,,,,,,,,,,,,,,,,,,,,,,,,,,,,,,,,,,,,,,,,,,,,,,,,,,,,,,,,,,,,,,,,,,,
78,Machtet,4061.372496,2876.608198,4424.354591,4541.951304,2529.62054,5454.96406,3107.973942,3653.86276,2777.624519,3195.144681,3505.294706,2548.283524,2888.183484,5212.734351,4264.0865,7760.183775,8039.68663,7521.512619,2102.130048650442,,,,,,,,,,,,,,,,,,,,,,,,,,,,,,,,,,,,,,,,,,,,,,,,,,,,,,,,,,,,,,,,,,,,,,,,,,,,,,,,,,,,,,,,,,,,,,,,,,,,,,,,,,,,,,,,,,,,,,,,,,,,,,,,,,,,,,,,,,,
79,Maklakova_nelidova,4224.804373,2959.065922,4507.566724,4636.537593,2648.861764,5456.117692,3186.578249,3719.840091,2882.885176,3269.125921,3574.102911,2666.357914,2979.609881,5345.554184,4341.451931,7833.816893,8176.626261,7753.988011,2599.5193096636744,,,,,,,,,,,,,,,,,,,,,,,,,,,,,,,,,,,,,,,,,,,,,,,,,,,,,,,,,,,,,,,,,,,,,,,,,,,,,,,,,,,,,,,,,,,,,,,,,,,,,,,,,,,,,,,,,,,,,,,,,,,,,,,,,,,,,,,,,,,
80,Maksimov,4601.885814,4451.425193,4731.809993,4875.103804,4462.481144,5747.046968,4503.425146,4569.933005,4410.189253,4508.509916,4552.190677,4382.801577,4472.966643,5469.156224,4661.427109,7967.895466,8212.488537,7705.078995,4425.595765995678,,,,,,,,,,,,,,,,,,,,,,,,,,,,,,,,,,,,,,,,,,,,,,,,,,,,,,,,,,,,,,,,,,,,,,,,,,,,,,,,,,,,,,,,,,,,,,,,,,,,,,,,,,,,,,,,,,,,,,,,,,,,,,,,,,,,,,,,,,,
81,Mamin_sibiryak,12045.8612,11913.14728,11966.85682,12032.3217,12026.38598,12148.13693,12062.10666,11935.74948,11862.34163,11891.66008,11965.66252,11964.6771,12036.28782,12141.21084,12226.5612,12132.2323,12398.05508,12350.97339,11999.612806731815,,,,,,,,,,,,,,,,,,,,,,,,,,,,,,,,,,,,,,,,,,,,,,,,,,,,,,,,,,,,,,,,,,,,,,,,,,,,,,,,,,,,,,,,,,,,,,,,,,,,,,,,,,,,,,,,,,,,,,,,,,,,,,,,,,,,,,,,,,,
82,Markevich,8649.801364,8474.524712,8619.452663,8648.872981,8554.274137,8800.256993,8523.061065,8502.455505,8165.119357,8466.232089,8540.170296,8243.517866,8521.471576,8680.419651,8656.41608,8901.580303,9062.883917,8990.853704,8517.54001126019,,,,,,,,,,,,,,,,,,,,,,,,,,,,,,,,,,,,,,,,,,,,,,,,,,,,,,,,,,,,,,,,,,,,,,,,,,,,,,,,,,,,,,,,,,,,,,,,,,,,,,,,,,,,,,,,,,,,,,,,,,,,,,,,,,,,,,,,,,,
83,Masalskiy,5253.600328,5184.267385,5330.05623,5328.87645,5198.033824,5777.467311,5243.860779,5277.199536,5129.559996,5215.521563,5266.568401,5126.20374,5155.352798,5522.005838,5375.023156,7970.932002,8196.13015,7652.585871,5166.590271710857,,,,,,,,,,,,,,,,,,,,,,,,,,,,,,,,,,,,,,,,,,,,,,,,,,,,,,,,,,,,,,,,,,,,,,,,,,,,,,,,,,,,,,,,,,,,,,,,,,,,,,,,,,,,,,,,,,,,,,,,,,,,,,,,,,,,,,,,,,,
84,Melnikov,10075.00254,10100.24177,10035.79127,10106.52415,10142.9627,10356.31486,10201.92108,10145.74049,9946.288154,10170.0162,10164.88427,10044.0164,10145.00838,10273.30521,10319.46439,10390.93243,10642.73157,10460.22869,10096.251285263841,,,,,,,,,,,,,,,,,,,,,,,,,,,,,,,,,,,,,,,,,,,,,,,,,,,,,,,,,,,,,,,,,,,,,,,,,,,,,,,,,,,,,,,,,,,,,,,,,,,,,,,,,,,,,,,,,,,,,,,,,,,,,,,,,,,,,,,,,,,
85,Menshikov,4097.52197,2802.259679,4399.30022,4516.435853,2471.147699,5388.235558,3008.081909,3547.250776,2663.582744,3127.134943,3436.388625,2423.002797,2787.786793,5147.717652,4311.539938,7640.175813,7890.882327,7431.603137,2019.047846156187,,,,,,,,,,,,,,,,,,,,,,,,,,,,,,,,,,,,,,,,,,,,,,,,,,,,,,,,,,,,,,,,,,,,,,,,,,,,,,,,,,,,,,,,,,,,,,,,,,,,,,,,,,,,,,,,,,,,,,,,,,,,,,,,,,,,,,,,,,,
86,Merder,9548.600316,9415.400992,9462.514571,9517.418693,9484.00156,9644.444781,9522.898549,9438.286285,9424.997427,9364.931529,9439.686897,9416.529656,9399.05646,9608.88137,9645.837811,9760.846936,9906.178814,9830.503343,9539.378672572082,,,,,,,,,,,,,,,,,,,,,,,,,,,,,,,,,,,,,,,,,,,,,,,,,,,,,,,,,,,,,,,,,,,,,,,,,,,,,,,,,,,,,,,,,,,,,,,,,,,,,,,,,,,,,,,,,,,,,,,,,,,,,,,,,,,,,,,,,,,
87,Mikhaylov,4153.011902,2917.201308,4438.159991,4575.106283,2571.570401,5442.105435,3119.765563,3644.469321,2820.272406,3209.447476,3525.164446,2601.962163,2898.785698,5255.074863,4299.038423,7725.707254,8036.618302,7562.357239,2407.179990013555,,,,,,,,,,,,,,,,,,,,,,,,,,,,,,,,,,,,,,,,,,,,,,,,,,,,,,,,,,,,,,,,,,,,,,,,,,,,,,,,,,,,,,,,,,,,,,,,,,,,,,,,,,,,,,,,,,,,,,,,,,,,,,,,,,,,,,,,,,,
88,Mordovtsev,10444.07207,10475.78101,10458.70728,10458.34527,10467.40438,10753.00762,10559.26805,10548.27339,10318.8823,10502.71182,10524.96246,10377.68719,10465.2606,10519.12962,10560.85083,10736.95049,10887.97717,10739.76673,10483.798062403577,,,,,,,,,,,,,,,,,,,,,,,,,,,,,,,,,,,,,,,,,,,,,,,,,,,,,,,,,,,,,,,,,,,,,,,,,,,,,,,,,,,,,,,,,,,,,,,,,,,,,,,,,,,,,,,,,,,,,,,,,,,,,,,,,,,,,,,,,,,
89,Moskvin,4093.881974,2923.680966,4442.164662,4552.194655,2577.40576,5430.336492,3135.296335,3664.209784,2833.639732,3217.920225,3546.557977,2596.599797,2916.726299,5241.830235,4308.12169,7788.282628,8049.001748,7475.988474,2515.456554467695,,,,,,,,,,,,,,,,,,,,,,,,,,,,,,,,,,,,,,,,,,,,,,,,,,,,,,,,,,,,,,,,,,,,,,,,,,,,,,,,,,,,,,,,,,,,,,,,,,,,,,,,,,,,,,,,,,,,,,,,,,,,,,,,,,,,,,,,,,,
90,Narezhnyy,6212.346957,6121.34744,6227.358593,6265.013273,6161.633936,6441.866996,6176.887691,6223.933612,6086.675901,6124.705799,6173.84551,6059.680649,6089.216922,6336.305607,6301.563707,8009.725206,8119.779218,7663.238963,6148.282379171827,,,,,,,,,,,,,,,,,,,,,,,,,,,,,,,,,,,,,,,,,,,,,,,,,,,,,,,,,,,,,,,,,,,,,,,,,,,,,,,,,,,,,,,,,,,,,,,,,,,,,,,,,,,,,,,,,,,,,,,,,,,,,,,,,,,,,,,,,,,
91,Naumov,4135.119265,2938.315432,4454.346269,4584.925132,2605.378454,5478.311807,3142.145874,3686.621405,2838.676465,3245.787069,3556.112672,2608.417304,2935.363967,5236.999261,4390.027611,7769.699364,8024.267342,7525.88093,2471.2364845051284,,,,,,,,,,,,,,,,,,,,,,,,,,,,,,,,,,,,,,,,,,,,,,,,,,,,,,,,,,,,,,,,,,,,,,,,,,,,,,,,,,,,,,,,,,,,,,,,,,,,,,,,,,,,,,,,,,,,,,,,,,,,,,,,,,,,,,,,,,,
92,Nekrasov,4124.046096,3011.646572,4460.816999,4588.37284,2981.815576,5531.692837,3188.427541,3721.508276,2947.041531,3271.887285,3573.872224,2931.01057,3037.45806,5257.235137,4270.73591,7816.654629,8109.102765,7514.843744,2938.842596320642,,,,,,,,,,,,,,,,,,,,,,,,,,,,,,,,,,,,,,,,,,,,,,,,,,,,,,,,,,,,,,,,,,,,,,,,,,,,,,,,,,,,,,,,,,,,,,,,,,,,,,,,,,,,,,,,,,,,,,,,,,,,,,,,,,,,,,,,,,,
93,Nekrasov_i_dr,8193.475958,8070.986183,8141.25008,8174.402088,8130.728958,8295.444023,8177.527374,8102.703327,8053.818367,8044.45068,8117.905241,8101.700292,8107.720013,8297.847134,8298.592188,8473.300236,8658.319827,8597.935308,8143.0731327124995,,,,,,,,,,,,,,,,,,,,,,,,,,,,,,,,,,,,,,,,,,,,,,,,,,,,,,,,,,,,,,,,,,,,,,,,,,,,,,,,,,,,,,,,,,,,,,,,,,,,,,,,,,,,,,,,,,,,,,,,,,,,,,,,,,,,,,,,,,,
94,Nemirovich_danchenko,4201.624245,2893.305011,4487.365041,4644.609706,2546.243225,5508.507369,3116.54911,3671.745292,2812.025332,3219.820385,3550.637467,2568.267336,2902.874306,5336.576996,4422.795492,7862.75449,8192.638456,7686.783601,2084.079183500321,,,,,,,,,,,,,,,,,,,,,,,,,,,,,,,,,,,,,,,,,,,,,,,,,,,,,,,,,,,,,,,,,,,,,,,,,,,,,,,,,,,,,,,,,,,,,,,,,,,,,,,,,,,,,,,,,,,,,,,,,,,,,,,,,,,,,,,,,,,
95,Nikitin,4136.05428,2932.266544,4476.625567,4578.110636,2661.071776,5485.330781,3133.80348,3680.246662,2762.438363,3252.662814,3538.515833,2533.373261,2916.647425,5243.883049,4375.655523,7777.376716,8065.372809,7520.438144,2595.608886029443,,,,,,,,,,,,,,,,,,,,,,,,,,,,,,,,,,,,,,,,,,,,,,,,,,,,,,,,,,,,,,,,,,,,,,,,,,,,,,,,,,,,,,,,,,,,,,,,,,,,,,,,,,,,,,,,,,,,,,,,,,,,,,,,,,,,,,,,,,,
96,Odoyevskiy,4102.258862,2899.728405,4457.334429,4562.997655,2552.647556,5475.875671,3112.98298,3664.342352,2798.429824,3214.408048,3523.047058,2567.48304,2878.639402,5238.0066,4227.485572,7798.030442,7992.046842,7517.999119,2102.931020824233,,,,,,,,,,,,,,,,,,,,,,,,,,,,,,,,,,,,,,,,,,,,,,,,,,,,,,,,,,,,,,,,,,,,,,,,,,,,,,,,,,,,,,,,,,,,,,,,,,,,,,,,,,,,,,,,,,,,,,,,,,,,,,,,,,,,,,,,,,,
97,Omulevskiy,4817.08567,4616.334778,4832.827057,4873.526389,4647.142408,5613.19802,4688.577481,4711.744689,4595.261216,4634.690418,4711.031418,4634.817992,4653.676701,5437.373028,4874.528317,7864.156794,8167.851018,7674.741403,4627.402124068017,,,,,,,,,,,,,,,,,,,,,,,,,,,,,,,,,,,,,,,,,,,,,,,,,,,,,,,,,,,,,,,,,,,,,,,,,,,,,,,,,,,,,,,,,,,,,,,,,,,,,,,,,,,,,,,,,,,,,,,,,,,,,,,,,,,,,,,,,,,
98,Panayev,6493.430548,6334.994299,6474.181763,6507.625852,6385.782671,6615.663228,6423.427468,6385.660558,6285.886633,6321.332644,6390.47429,6323.675624,6353.102172,6581.399059,6553.794067,7976.456818,8210.280267,7782.485727,6390.643942129231,,,,,,,,,,,,,,,,,,,,,,,,,,,,,,,,,,,,,,,,,,,,,,,,,,,,,,,,,,,,,,,,,,,,,,,,,,,,,,,,,,,,,,,,,,,,,,,,,,,,,,,,,,,,,,,,,,,,,,,,,,,,,,,,,,,,,,,,,,,
99,Panayeva,4181.938766,2970.958999,4476.849081,4616.241326,2943.90259,5448.832752,3175.853025,3696.765577,2926.763672,3260.59298,3564.005631,2913.289519,2973.389738,5306.890646,4410.066648,7815.045407,8047.029463,7581.959686,2901.5924737613814,,,,,,,,,,,,,,,,,,,,,,,,,,,,,,,,,,,,,,,,,,,,,,,,,,,,,,,,,,,,,,,,,,,,,,,,,,,,,,,,,,,,,,,,,,,,,,,,,,,,,,,,,,,,,,,,,,,,,,,,,,,,,,,,,,,,,,,,,,,
100,Pavlov,4180.356541,2933.211268,4490.314698,4613.055047,2581.712354,5496.167584,3143.373825,3681.918947,2861.864281,3223.730382,3540.150994,2630.422813,2895.96641,5255.234584,4312.744548,7835.323697,8033.580768,7568.942881,2512.6857608708424,,,,,,,,,,,,,,,,,,,,,,,,,,,,,,,,,,,,,,,,,,,,,,,,,,,,,,,,,,,,,,,,,,,,,,,,,,,,,,,,,,,,,,,,,,,,,,,,,,,,,,,,,,,,,,,,,,,,,,,,,,,,,,,,,,,,,,,,,,,
101,Pisemskiy,12630.88571,12425.81445,12462.69146,12592.02595,12626.2838,12679.62984,12588.03976,12432.56851,12421.19628,12353.53495,12442.20103,12536.57933,12473.5605,12761.62942,12899.73188,12670.23773,12979.87126,12896.53911,12645.672857726575,,,,,,,,,,,,,,,,,,,,,,,,,,,,,,,,,,,,,,,,,,,,,,,,,,,,,,,,,,,,,,,,,,,,,,,,,,,,,,,,,,,,,,,,,,,,,,,,,,,,,,,,,,,,,,,,,,,,,,,,,,,,,,,,,,,,,,,,,,,
102,Pleshcheyev,4228.142812,3314.162992,4506.387532,4644.706482,3326.341126,5488.237856,3388.109995,3707.701104,3304.962433,3368.61895,3596.611784,3295.873914,3343.470641,5291.099641,4424.318569,7797.662886,7952.683218,7508.968808,3303.593692627287,,,,,,,,,,,,,,,,,,,,,,,,,,,,,,,,,,,,,,,,,,,,,,,,,,,,,,,,,,,,,,,,,,,,,,,,,,,,,,,,,,,,,,,,,,,,,,,,,,,,,,,,,,,,,,,,,,,,,,,,,,,,,,,,,,,,,,,,,,,
103,Pogodin,4105.925587,2890.434529,4439.70001,4584.992711,2528.809539,5439.948482,3107.482826,3663.479306,2787.091515,3201.389035,3524.053563,2538.090179,2870.234045,5255.602213,4234.018601,7815.187517,8037.061524,7541.245198,2061.2356041183602,,,,,,,,,,,,,,,,,,,,,,,,,,,,,,,,,,,,,,,,,,,,,,,,,,,,,,,,,,,,,,,,,,,,,,,,,,,,,,,,,,,,,,,,,,,,,,,,,,,,,,,,,,,,,,,,,,,,,,,,,,,,,,,,,,,,,,,,,,,
104,Pogorelskiy,4299.160392,3835.366751,4566.117989,4703.087504,3866.405163,5552.467731,3912.282644,3959.028288,3829.039436,3873.239166,3960.490481,3809.379773,3841.511262,5343.565305,4508.341756,7835.672714,8061.467321,7576.696601,3835.240252553934,,,,,,,,,,,,,,,,,,,,,,,,,,,,,,,,,,,,,,,,,,,,,,,,,,,,,,,,,,,,,,,,,,,,,,,,,,,,,,,,,,,,,,,,,,,,,,,,,,,,,,,,,,,,,,,,,,,,,,,,,,,,,,,,,,,,,,,,,,,
105,Polevoy,6787.964128,6799.449014,6867.933835,6865.957177,6778.467603,7098.604635,6859.626627,6884.244573,6705.932532,6826.992907,6855.197993,6721.875007,6740.945673,6952.47403,6894.248609,8149.682404,8285.089,7811.899397,6811.994244275431,,,,,,,,,,,,,,,,,,,,,,,,,,,,,,,,,,,,,,,,,,,,,,,,,,,,,,,,,,,,,,,,,,,,,,,,,,,,,,,,,,,,,,,,,,,,,,,,,,,,,,,,,,,,,,,,,,,,,,,,,,,,,,,,,,,,,,,,,,,
106,Polevoypn,4161.174533,3005.20219,4524.396279,4617.746919,2640.074068,5588.062566,3202.888484,3746.00058,2896.956568,3304.56839,3612.012027,2650.962925,2967.812122,5316.039262,4366.60494,7921.086503,8173.178506,7581.020778,2523.5786474249435,,,,,,,,,,,,,,,,,,,,,,,,,,,,,,,,,,,,,,,,,,,,,,,,,,,,,,,,,,,,,,,,,,,,,,,,,,,,,,,,,,,,,,,,,,,,,,,,,,,,,,,,,,,,,,,,,,,,,,,,,,,,,,,,,,,,,,,,,,,
107,Pomyalovskiy,4506.135246,4296.146037,4633.565152,4765.407611,4318.055547,5586.694334,4373.739162,4420.686081,4272.891709,4334.490554,4399.826867,4283.405145,4353.200779,5380.332298,4550.213441,7886.923944,8106.452556,7663.14991,4299.475730450111,,,,,,,,,,,,,,,,,,,,,,,,,,,,,,,,,,,,,,,,,,,,,,,,,,,,,,,,,,,,,,,,,,,,,,,,,,,,,,,,,,,,,,,,,,,,,,,,,,,,,,,,,,,,,,,,,,,,,,,,,,,,,,,,,,,,,,,,,,,
108,Potapenko,4323.058056,3693.663983,4573.923331,4700.11455,3718.608705,5502.917974,3764.807109,3835.016227,3679.300729,3737.079572,3822.823147,3693.970118,3739.512145,5337.069835,4501.756277,7773.785407,8021.580634,7621.351812,3695.209923440355,,,,,,,,,,,,,,,,,,,,,,,,,,,,,,,,,,,,,,,,,,,,,,,,,,,,,,,,,,,,,,,,,,,,,,,,,,,,,,,,,,,,,,,,,,,,,,,,,,,,,,,,,,,,,,,,,,,,,,,,,,,,,,,,,,,,,,,,,,,
109,Poznyakov,4144.770084,2924.546483,4439.511903,4576.727686,2592.346847,5411.972708,3122.926189,3652.731338,2838.215273,3228.452428,3524.713955,2627.059567,2927.531331,5231.759271,4374.282468,7675.952661,8003.20744,7482.794777,2510.064461608694,,,,,,,,,,,,,,,,,,,,,,,,,,,,,,,,,,,,,,,,,,,,,,,,,,,,,,,,,,,,,,,,,,,,,,,,,,,,,,,,,,,,,,,,,,,,,,,,,,,,,,,,,,,,,,,,,,,,,,,,,,,,,,,,,,,,,,,,,,,
110,Pushkin,6474.546816,6416.3718,6524.451234,6534.726862,6436.152521,6709.012502,6482.576971,6484.05785,6349.284039,6422.947792,6448.272483,6361.546915,6388.342621,6604.953827,6579.378631,8073.396111,8277.128259,7768.636243,6412.998632096988,,,,,,,,,,,,,,,,,,,,,,,,,,,,,,,,,,,,,,,,,,,,,,,,,,,,,,,,,,,,,,,,,,,,,,,,,,,,,,,,,,,,,,,,,,,,,,,,,,,,,,,,,,,,,,,,,,,,,,,,,,,,,,,,,,,,,,,,,,,
111,Remezov,4146.117036,2862.155515,4455.023964,4582.655766,2514.768001,5470.456601,3078.715937,3629.183623,2698.970233,3192.170662,3495.992404,2455.509537,2864.047815,5238.348971,4265.168208,7799.209047,8043.538091,7573.510029,2067.474387760997,,,,,,,,,,,,,,,,,,,,,,,,,,,,,,,,,,,,,,,,,,,,,,,,,,,,,,,,,,,,,,,,,,,,,,,,,,,,,,,,,,,,,,,,,,,,,,,,,,,,,,,,,,,,,,,,,,,,,,,,,,,,,,,,,,,,,,,,,,,
112,Reshetnikov,6524.649487,6361.325748,6506.282246,6555.861974,6426.739733,6655.429813,6456.847674,6450.253634,6336.074263,6421.349316,6464.976585,6360.948605,6453.787207,6674.335629,6642.119503,7985.777686,8283.944552,7798.97708,6397.366098553584,,,,,,,,,,,,,,,,,,,,,,,,,,,,,,,,,,,,,,,,,,,,,,,,,,,,,,,,,,,,,,,,,,,,,,,,,,,,,,,,,,,,,,,,,,,,,,,,,,,,,,,,,,,,,,,,,,,,,,,,,,,,,,,,,,,,,,,,,,,
113,Rostopchina,4814.71851,4609.223903,4840.668069,4857.911774,4608.799038,5685.007003,4678.831229,4733.055444,4590.442228,4612.258027,4697.136644,4585.527536,4609.933282,5433.425326,4786.164531,7974.12161,8083.540975,7715.010697,4642.136963076962,,,,,,,,,,,,,,,,,,,,,,,,,,,,,,,,,,,,,,,,,,,,,,,,,,,,,,,,,,,,,,,,,,,,,,,,,,,,,,,,,,,,,,,,,,,,,,,,,,,,,,,,,,,,,,,,,,,,,,,,,,,,,,,,,,,,,,,,,,,
114,Salias,10744.53738,10615.85522,10652.74799,10713.3869,10734.15118,10874.35489,10689.42783,10614.47114,10501.16817,10575.05612,10622.48802,10557.45731,10600.55148,10833.02075,10885.59854,10897.32326,11133.42641,11000.77072,10716.585604473226,,,,,,,,,,,,,,,,,,,,,,,,,,,,,,,,,,,,,,,,,,,,,,,,,,,,,,,,,,,,,,,,,,,,,,,,,,,,,,,,,,,,,,,,,,,,,,,,,,,,,,,,,,,,,,,,,,,,,,,,,,,,,,,,,,,,,,,,,,,
115,Salov,4170.442941,2976.762741,4486.875783,4618.52909,2822.985423,5535.755066,3173.193277,3712.933674,2841.821588,3282.979949,3582.106843,2722.78818,2965.047911,5270.251433,4390.819999,7842.887138,8046.220307,7617.446616,2759.10666304661,,,,,,,,,,,,,,,,,,,,,,,,,,,,,,,,,,,,,,,,,,,,,,,,,,,,,,,,,,,,,,,,,,,,,,,,,,,,,,,,,,,,,,,,,,,,,,,,,,,,,,,,,,,,,,,,,,,,,,,,,,,,,,,,,,,,,,,,,,,
116,Saltykov_shchedrin,10855.60018,10640.80732,10770.84939,10816.60618,10747.59722,10932.07616,10729.67624,10747.6448,10641.60723,10612.05643,10641.24296,10665.71236,10723.17788,10874.32438,10910.59589,10937.33242,11154.45723,11066.20619,10772.420433869722,,,,,,,,,,,,,,,,,,,,,,,,,,,,,,,,,,,,,,,,,,,,,,,,,,,,,,,,,,,,,,,,,,,,,,,,,,,,,,,,,,,,,,,,,,,,,,,,,,,,,,,,,,,,,,,,,,,,,,,,,,,,,,,,,,,,,,,,,,,
117,Senkovskiy,4212.775053,2960.961815,4498.852375,4623.506926,2637.998649,5498.272699,3169.7236,3701.451767,2885.782055,3256.855331,3553.756181,2655.670155,2933.846097,5253.83181,4337.801371,7807.919138,7994.317662,7566.791275,2595.599794132381,,,,,,,,,,,,,,,,,,,,,,,,,,,,,,,,,,,,,,,,,,,,,,,,,,,,,,,,,,,,,,,,,,,,,,,,,,,,,,,,,,,,,,,,,,,,,,,,,,,,,,,,,,,,,,,,,,,,,,,,,,,,,,,,,,,,,,,,,,,
118,Shalikova,4188.674599,2903.278799,4459.534497,4611.228608,2558.948424,5439.261405,3117.164706,3652.11019,2841.496271,3198.209614,3524.975155,2606.83065,2895.951477,5277.350963,4378.964237,7774.805893,8047.345499,7612.844162,2331.1947605314886,,,,,,,,,,,,,,,,,,,,,,,,,,,,,,,,,,,,,,,,,,,,,,,,,,,,,,,,,,,,,,,,,,,,,,,,,,,,,,,,,,,,,,,,,,,,,,,,,,,,,,,,,,,,,,,,,,,,,,,,,,,,,,,,,,,,,,,,,,,
119,Shapir,4172.441581,2879.830101,4471.935068,4598.927797,2539.855254,5439.512235,3103.671623,3658.41642,2817.198037,3189.58688,3506.348635,2595.821748,2890.158723,5258.912886,4339.5674,7806.761492,8034.13993,7660.270056,2208.369118923234,,,,,,,,,,,,,,,,,,,,,,,,,,,,,,,,,,,,,,,,,,,,,,,,,,,,,,,,,,,,,,,,,,,,,,,,,,,,,,,,,,,,,,,,,,,,,,,,,,,,,,,,,,,,,,,,,,,,,,,,,,,,,,,,,,,,,,,,,,,
120,Sheller_mikhaylov,7582.48348,7474.225763,7574.826517,7615.232178,7517.342343,7717.470936,7554.077719,7540.921591,7451.828807,7460.408491,7524.463675,7483.019221,7500.43077,7696.568049,7688.314044,8210.467332,8391.145649,8000.885316,7557.369646121227,,,,,,,,,,,,,,,,,,,,,,,,,,,,,,,,,,,,,,,,,,,,,,,,,,,,,,,,,,,,,,,,,,,,,,,,,,,,,,,,,,,,,,,,,,,,,,,,,,,,,,,,,,,,,,,,,,,,,,,,,,,,,,,,,,,,,,,,,,,
121,Shklyarevskiy,4251.211205,3102.048484,4553.133113,4679.581378,3109.686196,5544.82918,3209.295766,3743.235997,3090.581227,3323.074884,3629.000324,3069.118154,3124.338759,5331.73607,4450.557302,7905.126435,8074.707836,7636.673231,3073.168651592588,,,,,,,,,,,,,,,,,,,,,,,,,,,,,,,,,,,,,,,,,,,,,,,,,,,,,,,,,,,,,,,,,,,,,,,,,,,,,,,,,,,,,,,,,,,,,,,,,,,,,,,,,,,,,,,,,,,,,,,,,,,,,,,,,,,,,,,,,,,
122,Sholokhov,13925.78235,13946.32269,13991.12767,14023.9085,14011.99007,14233.83716,14142.99178,14033.48735,13875.53493,14035.77468,14100.45332,14020.69719,14104.79836,14038.06465,14091.78458,14071.36425,14399.95877,14269.4134,13972.78678946716,,,,,,,,,,,,,,,,,,,,,,,,,,,,,,,,,,,,,,,,,,,,,,,,,,,,,,,,,,,,,,,,,,,,,,,,,,,,,,,,,,,,,,,,,,,,,,,,,,,,,,,,,,,,,,,,,,,,,,,,,,,,,,,,,,,,,,,,,,,
123,Slavutinskiy,4146.867515,3012.757499,4451.632305,4573.533167,2999.406309,5459.612752,3184.909593,3707.834778,2970.603304,3271.526772,3592.076256,2951.903918,3028.33944,5270.834218,4379.396101,7775.289482,8041.75483,7475.269931,2938.6664829702113,,,,,,,,,,,,,,,,,,,,,,,,,,,,,,,,,,,,,,,,,,,,,,,,,,,,,,,,,,,,,,,,,,,,,,,,,,,,,,,,,,,,,,,,,,,,,,,,,,,,,,,,,,,,,,,,,,,,,,,,,,,,,,,,,,,,,,,,,,,
124,Sleptsov,4159.046254,2895.876893,4462.425168,4592.319904,2571.833482,5441.095933,3108.95663,3656.570913,2824.016467,3209.486581,3520.749211,2602.197961,2904.112692,5276.177193,4387.869065,7750.120103,8020.045421,7583.475562,2441.6228874057456,,,,,,,,,,,,,,,,,,,,,,,,,,,,,,,,,,,,,,,,,,,,,,,,,,,,,,,,,,,,,,,,,,,,,,,,,,,,,,,,,,,,,,,,,,,,,,,,,,,,,,,,,,,,,,,,,,,,,,,,,,,,,,,,,,,,,,,,,,,
125,Sokolovskiy,4254.981998,3485.714131,4523.871483,4653.359554,3499.18278,5503.670257,3563.695813,3739.89918,3473.21384,3533.852001,3620.792697,3461.869371,3510.805165,5298.256686,4397.766754,7790.704474,8028.577817,7603.953069,3491.5792895488507,,,,,,,,,,,,,,,,,,,,,,,,,,,,,,,,,,,,,,,,,,,,,,,,,,,,,,,,,,,,,,,,,,,,,,,,,,,,,,,,,,,,,,,,,,,,,,,,,,,,,,,,,,,,,,,,,,,,,,,,,,,,,,,,,,,,,,,,,,,
126,Sollogub,4261.433631,3591.902453,4540.476722,4661.049464,3595.218124,5525.305791,3655.617399,3780.522661,3558.919576,3624.139032,3708.469535,3557.696129,3600.920689,5306.376313,4443.873617,7781.664763,8020.91628,7552.401257,3564.1337068157986,,,,,,,,,,,,,,,,,,,,,,,,,,,,,,,,,,,,,,,,,,,,,,,,,,,,,,,,,,,,,,,,,,,,,,,,,,,,,,,,,,,,,,,,,,,,,,,,,,,,,,,,,,,,,,,,,,,,,,,,,,,,,,,,,,,,,,,,,,,
127,Solovyevvs,12680.98307,12451.67741,12520.90282,12588.54405,12524.44199,12710.97107,12578.28602,12532.11418,12506.02117,12387.64453,12513.25626,12479.45489,12462.96019,12630.12505,12722.18383,12736.93001,12904.02772,12834.83096,12669.158214328469,,,,,,,,,,,,,,,,,,,,,,,,,,,,,,,,,,,,,,,,,,,,,,,,,,,,,,,,,,,,,,,,,,,,,,,,,,,,,,,,,,,,,,,,,,,,,,,,,,,,,,,,,,,,,,,,,,,,,,,,,,,,,,,,,,,,,,,,,,,
128,Somov,4110.087848,2903.479528,4430.175961,4561.734537,2544.093116,5483.793873,3098.727183,3647.969835,2792.920604,3204.327429,3526.020453,2544.993018,2863.660075,5236.437035,4295.768369,7824.773385,8047.243108,7528.005284,2065.6693824543827,,,,,,,,,,,,,,,,,,,,,,,,,,,,,,,,,,,,,,,,,,,,,,,,,,,,,,,,,,,,,,,,,,,,,,,,,,,,,,,,,,,,,,,,,,,,,,,,,,,,,,,,,,,,,,,,,,,,,,,,,,,,,,,,,,,,,,,,,,,
129,Stanyukovich,10507.73952,10306.28717,10409.97734,10471.47113,10422.4467,10542.66268,10418.3206,10300.69993,10278.66145,10229.1944,10347.2058,10399.61259,10366.3925,10502.34194,10621.24523,10593.59086,10809.61145,10777.4403,10418.809959421005,,,,,,,,,,,,,,,,,,,,,,,,,,,,,,,,,,,,,,,,,,,,,,,,,,,,,,,,,,,,,,,,,,,,,,,,,,,,,,,,,,,,,,,,,,,,,,,,,,,,,,,,,,,,,,,,,,,,,,,,,,,,,,,,,,,,,,,,,,,
130,Starostin,4844.145428,4628.643079,4871.004193,4902.043879,4677.206519,5600.478517,4688.059917,4740.958087,4460.019919,4684.099433,4742.728192,4470.616023,4683.31578,5374.45667,4862.840669,7846.691591,8044.326519,7658.032484,4624.36838721099,,,,,,,,,,,,,,,,,,,,,,,,,,,,,,,,,,,,,,,,,,,,,,,,,,,,,,,,,,,,,,,,,,,,,,,,,,,,,,,,,,,,,,,,,,,,,,,,,,,,,,,,,,,,,,,,,,,,,,,,,,,,,,,,,,,,,,,,,,,
131,Sukhonin,4414.028532,4220.773652,4666.925054,4780.374206,4231.626996,5654.164414,4274.80949,4324.244869,4185.607778,4245.196132,4308.473531,4179.31963,4204.058321,5411.905991,4600.165963,7908.599582,8106.957143,7603.889943,4217.6893823194905,,,,,,,,,,,,,,,,,,,,,,,,,,,,,,,,,,,,,,,,,,,,,,,,,,,,,,,,,,,,,,,,,,,,,,,,,,,,,,,,,,,,,,,,,,,,,,,,,,,,,,,,,,,,,,,,,,,,,,,,,,,,,,,,,,,,,,,,,,,
132,Tan_bogoraz,4228.333645,2992.622042,4532.614519,4648.974891,2645.520755,5568.900864,3196.454258,3753.154327,2901.904235,3299.676951,3587.333267,2671.255708,2970.417784,5298.478471,4383.904375,7902.806299,8095.140737,7691.944678,2415.5246590243387,,,,,,,,,,,,,,,,,,,,,,,,,,,,,,,,,,,,,,,,,,,,,,,,,,,,,,,,,,,,,,,,,,,,,,,,,,,,,,,,,,,,,,,,,,,,,,,,,,,,,,,,,,,,,,,,,,,,,,,,,,,,,,,,,,,,,,,,,,,
133,Teleshov,4157.991692,2894.390932,4477.527975,4593.570945,2546.310593,5497.165814,3107.332339,3667.602485,2805.749983,3216.438371,3520.272478,2578.470624,2896.841703,5274.320426,4224.9429,7812.338714,8067.58318,7657.971302,2069.2018520675856,,,,,,,,,,,,,,,,,,,,,,,,,,,,,,,,,,,,,,,,,,,,,,,,,,,,,,,,,,,,,,,,,,,,,,,,,,,,,,,,,,,,,,,,,,,,,,,,,,,,,,,,,,,,,,,,,,,,,,,,,,,,,,,,,,,,,,,,,,,
134,Terpigorev,4089.474789,2838.169117,4387.876648,4523.100533,2508.798022,5390.835168,3070.879658,3606.506208,2770.684403,3160.32088,3498.821767,2527.198477,2851.310233,5258.736453,4342.324037,7758.080098,8021.503419,7521.097498,2058.034604571265,,,,,,,,,,,,,,,,,,,,,,,,,,,,,,,,,,,,,,,,,,,,,,,,,,,,,,,,,,,,,,,,,,,,,,,,,,,,,,,,,,,,,,,,,,,,,,,,,,,,,,,,,,,,,,,,,,,,,,,,,,,,,,,,,,,,,,,,,,,
135,Timofeyev,4160.562834,2870.674955,4463.753054,4587.968811,2529.287708,5452.102219,3099.63445,3646.605817,2800.1022,3192.45103,3503.122012,2557.99518,2869.202118,5212.95521,4245.838159,7813.504328,7932.746699,7537.280852,2088.4683090198064,,,,,,,,,,,,,,,,,,,,,,,,,,,,,,,,,,,,,,,,,,,,,,,,,,,,,,,,,,,,,,,,,,,,,,,,,,,,,,,,,,,,,,,,,,,,,,,,,,,,,,,,,,,,,,,,,,,,,,,,,,,,,,,,,,,,,,,,,,,
136,Tolstoy,17986.49947,17713.73933,17790.51299,17916.4889,17918.86718,18043.97094,17926.54179,17770.17345,17749.72248,17612.99497,17701.7723,17798.18996,17754.26624,18004.42111,18171.9355,17867.55966,18227.98128,-1,18020.7904558939,,,,,,,,,,,,,,,,,,,,,,,,,,,,,,,,,,,,,,,,,,,,,,,,,,,,,,,,,,,,,,,,,,,,,,,,,,,,,,,,,,,,,,,,,,,,,,,,,,,,,,,,,,,,,,,,,,,,,,,,,,,,,,,,,,,,,,,,,,,
137,Tur,4224.649884,3376.943539,4512.443762,4651.652266,3384.028514,5488.511574,3464.53343,3731.137986,3326.658026,3439.794361,3596.652649,3309.77773,3407.83968,5291.145564,4393.578657,7817.113193,7987.028641,7572.507179790353,3380.5352867983083,,,,,,,,,,,,,,,,,,,,,,,,,,,,,,,,,,,,,,,,,,,,,,,,,,,,,,,,,,,,,,,,,,,,,,,,,,,,,,,,,,,,,,,,,,,,,,,,,,,,,,,,,,,,,,,,,,,,,,,,,,,,,,,,,,,,,,,,,,,
138,Turgenev,10313.1772,10169.53781,10209.95741,10253.58581,10260.15307,10390.79141,10294.12771,10176.20327,10141.23187,10100.48577,10193.57254,10211.16958,10201.3904,10366.53564,10443.96593,10473.61756,10677.06919,10630.212569684974,10283.755615160913,,,,,,,,,,,,,,,,,,,,,,,,,,,,,,,,,,,,,,,,,,,,,,,,,,,,,,,,,,,,,,,,,,,,,,,,,,,,,,,,,,,,,,,,,,,,,,,,,,,,,,,,,,,,,,,,,,,,,,,,,,,,,,,,,,,,,,,,,,,
139,Uspenskiyg,4142.881242,2952.130623,4447.425464,4568.848628,2772.767683,5436.852912,3141.726268,3664.104823,2866.600581,3240.316443,3541.946061,2728.926189,2934.685325,5220.253792,4371.338474,7704.949072,7940.767727,7466.293147390642,2713.8155270833263,,,,,,,,,,,,,,,,,,,,,,,,,,,,,,,,,,,,,,,,,,,,,,,,,,,,,,,,,,,,,,,,,,,,,,,,,,,,,,,,,,,,,,,,,,,,,,,,,,,,,,,,,,,,,,,,,,,,,,,,,,,,,,,,,,,,,,,,,,,
140,Veltman,7332.812971,7259.573145,7335.343306,7327.931125,7289.480889,7547.935603,7329.4331,7319.495602,7175.357758,7270.456525,7306.178006,7200.537372,7256.940109,7423.575467,7401.144128,8183.251689,8354.974894,7891.826354205511,7299.242757998431,,,,,,,,,,,,,,,,,,,,,,,,,,,,,,,,,,,,,,,,,,,,,,,,,,,,,,,,,,,,,,,,,,,,,,,,,,,,,,,,,,,,,,,,,,,,,,,,,,,,,,,,,,,,,,,,,,,,,,,,,,,,,,,,,,,,,,,,,,,
141,Veltmane,4173.253348,2860.884313,4472.886054,4587.166569,2499.846557,5508.868369,3084.846157,3648.835354,2698.609287,3178.547377,3483.881725,2451.953036,2847.095373,5183.745917,4180.176826,7847.524811,7955.62221,7588.520993302206,2055.6628614210013,,,,,,,,,,,,,,,,,,,,,,,,,,,,,,,,,,,,,,,,,,,,,,,,,,,,,,,,,,,,,,,,,,,,,,,,,,,,,,,,,,,,,,,,,,,,,,,,,,,,,,,,,,,,,,,,,,,,,,,,,,,,,,,,,,,,,,,,,,,
142,Veresayev,4201.015716,2908.575325,4492.290043,4618.303046,2565.266686,5477.37675,3129.094401,3684.785119,2837.843964,3229.14244,3547.580429,2608.233314,2923.903828,5307.54055,4333.396759,7848.904804,8105.985983,7609.5935745821125,2233.9684709203257,,,,,,,,,,,,,,,,,,,,,,,,,,,,,,,,,,,,,,,,,,,,,,,,,,,,,,,,,,,,,,,,,,,,,,,,,,,,,,,,,,,,,,,,,,,,,,,,,,,,,,,,,,,,,,,,,,,,,,,,,,,,,,,,,,,,,,,,,,,
143,Vereshchagin,4190.383796,2937.319831,4461.235477,4599.667814,2604.272816,5432.02516,3130.366714,3663.335409,2868.98263,3238.617443,3543.698762,2638.583364,2924.567945,5258.070713,4421.401757,7708.346697,8018.22659,7550.887889045732,2503.475876720845,,,,,,,,,,,,,,,,,,,,,,,,,,,,,,,,,,,,,,,,,,,,,,,,,,,,,,,,,,,,,,,,,,,,,,,,,,,,,,,,,,,,,,,,,,,,,,,,,,,,,,,,,,,,,,,,,,,,,,,,,,,,,,,,,,,,,,,,,,,
144,Veselitskaya,4128.835265,2872.548331,4429.88686,4575.328091,2528.328233,5437.25444,3091.462056,3621.02882,2719.905055,3183.725007,3491.268629,2479.394883,2871.165172,5225.581871,4271.095815,7722.794046,8007.730973,7552.593770731547,2259.5001832658168,,,,,,,,,,,,,,,,,,,,,,,,,,,,,,,,,,,,,,,,,,,,,,,,,,,,,,,,,,,,,,,,,,,,,,,,,,,,,,,,,,,,,,,,,,,,,,,,,,,,,,,,,,,,,,,,,,,,,,,,,,,,,,,,,,,,,,,,,,,
145,Volkonskiy,5003.060991,4825.024462,5036.373624,5048.471795,4872.602711,5642.14583,4896.367976,4915.545339,4814.906072,4842.582356,4921.96783,4824.032872,4828.087178,5437.596007,5077.27086,7833.799453,8048.306316,7590.427860821373,4860.138773716689,,,,,,,,,,,,,,,,,,,,,,,,,,,,,,,,,,,,,,,,,,,,,,,,,,,,,,,,,,,,,,,,,,,,,,,,,,,,,,,,,,,,,,,,,,,,,,,,,,,,,,,,,,,,,,,,,,,,,,,,,,,,,,,,,,,,,,,,,,,
146,Vonlyarlyarskiy,4233.721411,3527.359473,4526.022396,4663.85767,3537.486173,5514.530777,3583.68972,3757.938412,3490.973881,3565.417125,3653.735794,3497.298307,3525.802603,5309.338703,4446.791242,7805.096037,8029.37648,7516.074402511332,3499.3062656925863,,,,,,,,,,,,,,,,,,,,,,,,,,,,,,,,,,,,,,,,,,,,,,,,,,,,,,,,,,,,,,,,,,,,,,,,,,,,,,,,,,,,,,,,,,,,,,,,,,,,,,,,,,,,,,,,,,,,,,,,,,,,,,,,,,,,,,,,,,,
147,Yakubovich,6034.929841,5848.261953,6046.900539,6070.007834,5899.753674,6179.935671,5924.845309,5971.836897,5849.816353,5876.201176,5937.673292,5868.592103,5925.19139,6113.673596,6078.27406,7993.818892,8182.229179,7760.884540591126,5883.093395855516,,,,,,,,,,,,,,,,,,,,,,,,,,,,,,,,,,,,,,,,,,,,,,,,,,,,,,,,,,,,,,,,,,,,,,,,,,,,,,,,,,,,,,,,,,,,,,,,,,,,,,,,,,,,,,,,,,,,,,,,,,,,,,,,,,,,,,,,,,,
148,Yasinskiy,4242.141157,2991.379885,4520.752012,4643.587776,2967.949747,5480.120928,3184.754159,3712.738532,2959.794861,3274.168487,3575.128109,2963.445377,3011.408577,5309.612743,4395.28,7787.96573,8025.951416,7620.890293736149,2952.4152110357168,,,,,,,,,,,,,,,,,,,,,,,,,,,,,,,,,,,,,,,,,,,,,,,,,,,,,,,,,,,,,,,,,,,,,,,,,,,,,,,,,,,,,,,,,,,,,,,,,,,,,,,,,,,,,,,,,,,,,,,,,,,,,,,,,,,,,,,,,,,
149,Yelpatyevskiy,4133.2178,2910.519916,4446.293574,4574.310155,2563.935774,5470.085286,3122.271682,3666.937018,2747.477748,3220.100583,3518.752848,2515.57045,2902.767024,5215.892276,4255.42229,7752.130713,8019.231136,7515.401426700079,2349.6043281818656,,,,,,,,,,,,,,,,,,,,,,,,,,,,,,,,,,,,,,,,,,,,,,,,,,,,,,,,,,,,,,,,,,,,,,,,,,,,,,,,,,,,,,,,,,,,,,,,,,,,,,,,,,,,,,,,,,,,,,,,,,,,,,,,,,,,,,,,,,,
150,Yermolova,4183.948256,2922.550761,4463.848038,4599.815057,2771.150073,5443.067257,3131.441016,3662.347425,2864.793235,3213.74088,3541.30738,2741.170175,2908.854392,5283.078581,4378.054999,7784.675747,8012.241238,7576.556236974496,2740.4456976376778,,,,,,,,,,,,,,,,,,,,,,,,,,,,,,,,,,,,,,,,,,,,,,,,,,,,,,,,,,,,,,,,,,,,,,,,,,,,,,,,,,,,,,,,,,,,,,,,,,,,,,,,,,,,,,,,,,,,,,,,,,,,,,,,,,,,,,,,,,,
151,Yurkovskiy,4207.646749,2906.582618,4502.065448,4632.067397,2553.586316,5510.948436,3111.174987,3670.975088,2816.558381,3219.377008,3526.159349,2585.897269,2893.728174,5301.177548,4348.508339,7834.523049,8091.953468,7685.744989330227,2093.733975672969,,,,,,,,,,,,,,,,,,,,,,,,,,,,,,,,,,,,,,,,,,,,,,,,,,,,,,,,,,,,,,,,,,,,,,,,,,,,,,,,,,,,,,,,,,,,,,,,,,,,,,,,,,,,,,,,,,,,,,,,,,,,,,,,,,,,,,,,,,,
152,Zagoskin,9467.131983,9404.488715,9441.913645,9458.463982,9459.593698,9658.937315,9486.485115,9437.716522,9319.214902,9401.390239,9423.141269,9382.29152,9393.726563,9562.8802,9611.174477,9723.316767,9927.244812,9758.04097035795,9448.48190315524,,,,,,,,,,,,,,,,,,,,,,,,,,,,,,,,,,,,,,,,,,,,,,,,,,,,,,,,,,,,,,,,,,,,,,,,,,,,,,,,,,,,,,,,,,,,,,,,,,,,,,,,,,,,,,,,,,,,,,,,,,,,,,,,,,,,,,,,,,,
153,Zasodimskiy,4175.149771,2935.718236,4469.935241,4617.071408,2573.314096,5496.858036,3145.295398,3694.162127,2841.583199,3242.014708,3555.391297,2612.069222,2930.458721,5301.969222,4317.57095,7847.476623,8148.2198,7619.191840691775,2292.0956037868696,,,,,,,,,,,,,,,,,,,,,,,,,,,,,,,,,,,,,,,,,,,,,,,,,,,,,,,,,,,,,,,,,,,,,,,,,,,,,,,,,,,,,,,,,,,,,,,,,,,,,,,,,,,,,,,,,,,,,,,,,,,,,,,,,,,,,,,,,,,
154,Zhadovskaya,4427.517778,4214.053083,4593.682577,4730.805112,4229.411131,5540.273853,4304.515115,4330.380444,4200.804889,4238.489002,4322.047605,4207.957286,4247.466568,5383.041817,4506.448892,7845.428537,8113.098123,7679.577075575572,4234.11842995851,,,,,,,,,,,,,,,,,,,,,,,,,,,,,,,,,,,,,,,,,,,,,,,,,,,,,,,,,,,,,,,,,,,,,,,,,,,,,,,,,,,,,,,,,,,,,,,,,,,,,,,,,,,,,,,,,,,,,,,,,,,,,,,,,,,,,,,,,,,
155,Zhelikhovskaya,4229.555955,3092.198117,4505.549523,4648.644509,3098.059805,5459.047352,3192.401407,3707.218756,3052.541049,3281.363161,3577.542269,3043.37994,3129.242207,5297.818311,4382.421002,7805.376173,8025.409982,7596.8555685685515,3072.41209323503,,,,,,,,,,,,,,,,,,,,,,,,,,,,,,,,,,,,,,,,,,,,,,,,,,,,,,,,,,,,,,,,,,,,,,,,,,,,,,,,,,,,,,,,,,,,,,,,,,,,,,,,,,,,,,,,,,,,,,,,,,,,,,,,,,,,,,,,,,,
156,Zhukova,4162.452566,2889.187705,4455.707722,4606.310772,2528.79235,5483.363369,3094.655934,3642.769712,2799.131384,3200.396907,3517.273699,2558.947752,2871.069145,5283.739967,4223.444959,7812.740525,8056.852083,7593.275125148212,2083.070279382166,,,,,,,,,,,,,,,,,,,,,,,,,,,,,,,,,,,,,,,,,,,,,,,,,,,,,,,,,,,,,,,,,,,,,,,,,,,,,,,,,,,,,,,,,,,,,,,,,,,,,,,,,,,,,,,,,,,,,,,,,,,,,,,,,,,,,,,,,,,
157,Zlatovratskiy,4220.406645,3579.419053,4520.380081,4651.048045,3589.87107,5533.979258,3646.534361,3777.737394,3539.367713,3626.224727,3699.936807,3551.612051,3611.921513,5301.108232,4405.86329,7792.274675,8058.553809,7507.584700472519,3555.4884589161334,,,,,,,,,,,,,,,,,,,,,,,,,,,,,,,,,,,,,,,,,,,,,,,,,,,,,,,,,,,,,,,,,,,,,,,,,,,,,,,,,,,,,,,,,,,,,,,,,,,,,,,,,,,,,,,,,,,,,,,,,,,,,,,,,,,,,,,,,,,
158,Zotov,4344.017063,4142.171589,4616.69852,4709.91195,4165.07226,5583.858703,4211.438942,4257.16887,4131.969442,4179.068409,4255.244363,4107.477664,4134.477975,5361.149499,4550.845609,7855.526824,8052.58633,7534.561373811579,4148.623542687782,,,,,,,,,,,,,,,,,,,,,,,,,,,,,,,,,,,,,,,,,,,,,,,,,,,,,,,,,,,,,,,,,,,,,,,,,,,,,,,,,,,,,,,,,,,,,,,,,,,,,,,,,,,,,,,,,,,,,,,,,,,,,,,,,,,,,,,,,,,
